признак,заполнено_%,spearman_rho,p,abs_rho,AUROC_гиперответ,взаимная_информация,предлечебный,подозрение_на_утечку
∑ Зрелых (MII),100.0,0.9305,0.0,0.9304860223472021,0.9786,1.3325,False,True
∑ Дробление,100.0,0.8819,0.0,0.8818516955228798,0.9618,0.939,False,True
И Получено ооцитов,88.7,0.8765,0.0,0.876485532626225,0.9558,1.5589,False,True
кЭКО Получено ооцитов,60.6,0.8559,0.0,0.8559092743852317,0.9432,1.4453,False,True
И Зрелых (MII),88.1,0.8298,0.0,0.8298172429325598,0.9455,0.7327,False,True
кЭКО Зрелых (MII),60.6,0.7707,5.459701258124297e-233,0.7706809203221818,0.9279,0.6549,False,True
И Дробление,87.3,0.7691,0.0,0.7690947857802651,0.9176,0.4987,False,True
DO Получено ооцитов,13.9,0.7658,2.571025806849951e-53,0.7658320432200537,0.8922,1.4748,False,True
∑ Выход б/ц,92.9,0.7116,1.2414561705026915e-279,0.7116042617663261,0.8781,0.4312,False,True
∑ n  заморож.эмбр,100.0,0.6962,1.3959023288236708e-282,0.6961689279591186,0.8762,0.3882,False,True
кЭКО Дробление,60.5,0.6957,1.7980411164012043e-171,0.6957290905799012,0.9037,0.4689,False,True
DO Зрелых (MII),13.9,0.6583,4.898636728099366e-35,0.6582708643858313,0.898,0.8813,False,True
И Выход б/ц,87.3,0.612,1.7053050082198244e-175,0.6120482887326817,0.8334,0.2736,False,False
Эстрадиол триггер,64.9,0.6037,1.7173454302546632e-126,0.6037428044783185,0.8179,0.3538,False,False
И n заморож.эмбр,86.6,0.5908,2.731247833351087e-159,0.5907957699430066,0.8318,0.2535,False,False
АМГ,100.0,0.5892,1.7298386778655777e-182,0.5891542662988192,0.8234,0.3021,True,False
DO дробление,13.9,0.5727,6.238635494079762e-25,0.5726997131596946,0.879,0.4625,False,True
∑ Бласт н.луч качества  минимум 3ВВ,100.0,0.5623,6.760820155523657e-163,0.5622882147108552,0.7995,0.2426,False,False
кЭКО Выход б/ц,60.5,0.5498,3.4179111723283337e-94,0.5498486687323909,0.8084,0.2237,False,False
кЭКО n заморож.эмбр,59.7,0.5123,8.28909880771619e-79,0.5122796655985686,0.7933,0.1818,False,False
И Бласт н.луч качества  минимум 3ВВ,87.3,0.4626,5.997083980021256e-91,0.46261088169428427,0.7483,0.1274,False,False
кЭКО Бласт н.луч качества  минимум 3ВВ,60.4,0.4397,7.143071837041261e-57,0.43971196409375213,0.7512,0.1402,False,False
DO Т заморож.эмбр,13.9,0.4189,6.727025864294025e-13,0.418923855325431,0.8088,0.1666,False,False
День ПЕ,48.7,0.4173,2.8236803827809715e-41,0.41727900181794125,0.5988,0.0826,True,False
ЛГ  триггер,38.6,-0.4171,5.237407747642283e-33,0.41707078591040675,0.717,0.1949,False,False
DO Выход б/ц,13.9,0.3914,2.555831232378064e-11,0.39143433939207073,0.8141,0.1697,False,False
Возр пациентов,100.0,-0.3739,1.0754122091405016e-65,0.37385515956251125,0.6899,0.118,True,False
∑ атрез.,100.0,0.3671,3.1080835597512074e-63,0.36709943488164687,0.6466,0.1258,False,False
Прогестерон триггер,63.5,0.3482,1.3427858957196144e-36,0.34817356265114513,0.6986,0.0862,False,False
Летрозол,25.0,-0.3465,3.2818691187023794e-15,0.34647750136427846,0.6608,0.0865,True,False
И атрез.,87.3,0.3441,1.68763671686584e-48,0.344098751755612,0.6555,0.0655,False,False
DO Бласт н.луч качества  минимум 3ВВ,13.9,0.3147,1.273649225636991e-07,0.3147414144319864,0.7786,0.1244,False,False
достинекс /таб,15.6,0.2938,1.8182520744860782e-07,0.29379769790848687,0.6199,0.0865,True,False
В PERSONE,97.8,-0.2871,1.6634509564830187e-37,0.28708407975474787,0.5973,0.0546,True,False
И ПЭ 3-4 сутки,84.1,-0.2686,1.7495065702873767e-28,0.2686076593181231,0.5722,0.0502,False,False
Номер попытки,97.7,-0.2673,1.5672855443777804e-32,0.2673173517688195,0.609,0.0662,True,False
∑ ПЭ 3-4 сутки,99.9,-0.2644,1.6155550853013145e-32,0.26439922489902096,0.5797,0.045,False,False
Кесарево сечение,10.3,-0.256,0.0002538764828404269,0.2559637025838468,0.5513,0.1245,True,False
кЭКО ПЭ 3-4 сутки,58.3,-0.2431,9.19852210477041e-17,0.24314264481072684,0.5385,0.0346,False,False
"Диферелин 0,1",68.0,0.2386,1.2728778558583614e-18,0.23860872360936175,0.6491,0.0516,False,False
Возраст мужа,87.2,-0.2274,2.2670213940246947e-21,0.22736001299597852,0.6308,0.0502,True,False
аэртал,15.2,-0.2271,8.074974982952372e-05,0.22709375275751284,0.6357,0.116,True,False
год рождения,90.0,0.2243,1.9024053214720074e-21,0.22433822119547375,0.6255,0.0645,True,False
ФСГ,81.7,-0.2157,3.2329012226737544e-18,0.2156506666212729,0.6085,0.1433,True,False
DO ПЭ 3-4 сутки,12.8,-0.207,0.0009951685537320292,0.20697560070725418,0.5464,0.0144,False,False
Мед.аборт,14.4,-0.2069,0.000492493559984882,0.20692423550630695,0.5544,0.0,True,False
DO атрез.,13.8,0.1966,0.0011888019541458697,0.19662378719402243,0.57,0.0,False,False
ТФС в день триггера,79.4,0.1941,1.3273777931654487e-14,0.19414087454640977,0.5901,0.0575,False,False
Утрожестан,8.6,0.1773,0.021517238527533282,0.1772714701594254,0.5526,0.1618,True,False
DO ПЭ  5-6 сутки,13.1,-0.1578,0.011486684522351473,0.15775249539923544,0.6406,0.0913,False,False
пок-тель хгч,21.3,0.1518,0.0019284273093057602,0.1517988241548525,0.565,0.0382,False,False
ЛГ старт,16.5,-0.1464,0.008531066407997041,0.14635967597288335,0.5644,0.1561,True,False
Кол-во берем,99.6,-0.1397,6.326541345920474e-10,0.13968609337440477,0.556,0.0467,False,False
Прогинова,16.8,0.1331,0.015988182687135526,0.13314442192835144,0.5466,0.0,True,False
Бесплодие,99.8,-0.1315,5.7802404438286875e-09,0.13154469622010065,0.547,0.014,True,False
Гонал Ф 75 ЕД,63.4,0.1205,2.1938047090498858e-05,0.12045275955531931,0.5219,0.0302,False,False
Перговерис/амп,7.8,-0.1199,0.14126079868517302,0.1198818065047937,0.5351,0.0,True,False
Кол-во браков,90.5,-0.1011,2.0915314044293946e-05,0.1011187939516204,0.5439,0.0,True,False
"ДИФЕРЕЛИН 0,1",17.1,-0.099,0.0707677891202129,0.09900083505954722,0.6647,0.0041,False,False
__year,100.0,-0.0911,5.6106647689602886e-05,0.09112210893762258,0.534,0.0036,True,False
∑ ПЭ 5-6 сутки,100.0,0.0829,0.0002499745558156203,0.08286617971125812,0.607,0.0863,False,False
Эстрадиол старт,37.6,0.0789,0.03276930090222233,0.0788660206272958,0.5038,0.017,True,False
Дата Посл гистеро,15.4,0.0769,0.18432198053796522,0.07685441329247046,0.5428,0.0,False,False
Операции/Тубэктомия,15.5,-0.0726,0.20819468611875877,0.07262664134216233,0.5168,0.0345,True,False
Тест,88.7,0.0713,0.003022958706636477,0.07127648271627976,0.5838,0.0816,True,False
ГОД,99.8,-0.065,0.004116882890181966,0.06502790909260277,0.5266,0.0,True,False
И ПЭ5-6 сутки,84.8,0.064,0.009320188722343966,0.06395371436023749,0.5814,0.0387,True,False
Кол-во гистеро,53.3,-0.0627,0.04350685535275137,0.06267486165188438,0.5331,0.0071,True,False
Рост мужа,57.2,0.0577,0.054302511986922285,0.05767431310623134,0.5557,0.0631,True,False
срочные роды,24.9,-0.0563,0.21548601652848698,0.056343568219724846,0.5272,0.0,False,False
"Цетротид  0,25 /амп",62.0,0.0543,0.05901946769327132,0.054316112806615933,0.5274,0.0282,False,False
А+В %,83.6,-0.0537,0.030075176935789708,0.053728538105387934,0.5249,0.0718,True,False
Прл,93.0,-0.0491,0.03678748491701701,0.04905841100092886,0.5118,0.097,True,False
Вес мужа,57.2,0.0425,0.1564481046304529,0.04246785716081225,0.5165,0.0934,True,False
номер телефона,84.9,0.0425,0.08417887425715251,0.042462931210365554,0.5366,0.0775,False,False
МАР тест,64.7,0.0404,0.15149908644826793,0.04041315292661658,0.5141,0.0398,True,False
ИМТ мужа,99.5,0.0383,0.09205991626059665,0.0382680870148997,0.5061,0.0365,True,False
ТТГ,92.2,-0.0354,0.13338598118587755,0.03541919119882022,0.5193,0.0854,True,False
Овитрель,62.4,-0.0342,0.23310904817675226,0.034205174159907585,0.5049,0.0138,False,False
Рост жены,98.5,-0.0295,0.19611361370991084,0.02952227699619009,0.5094,0.0192,True,False
Регистрированный,79.6,0.0291,0.2526263376741654,0.0290653914394484,0.5052,0.0028,True,False
Продолж-ть бесплодия/ лет,99.6,0.0265,0.24323707528098149,0.02649263269515242,0.5121,0.0547,True,False
Дивигель,11.9,-0.0265,0.6888617512121663,0.026483446398530744,0.6592,0.0692,True,False
Замершая бер-ть,14.0,-0.0263,0.6657424767935258,0.026261730752309483,0.5134,0.0312,True,False
атрез.,60.1,0.0253,0.3861949823686792,0.025334828207285585,0.5004,0.0296,False,False
Морф %,79.6,-0.0252,0.32151398276930315,0.025188548161941233,0.5217,0.0233,True,False
кЭКО ПЭ 5-6 сутки,58.3,-0.0207,0.4847002325792291,0.020743442050165997,0.5522,0.0156,False,False
Прогестерон старт,30.6,0.0196,0.6338126314746011,0.01955195132143734,0.5069,0.148,True,False
Рековель А 73,11.0,0.0139,0.839320862490315,0.013941522480244519,0.5092,0.1556,True,False
Мериоферт,16.5,0.0137,0.8065563584168456,0.013720243790130236,0.5841,0.1348,True,False
Вес жены,98.6,-0.0104,0.6496479309464609,0.010370594064593983,0.5343,0.0331,True,False
Гражданский,10.2,-0.0074,0.917053667468038,0.007448374878651644,0.5256,0.0162,True,False
ЛГ,81.9,0.0037,0.883964742840447,0.0036549020279728803,0.5453,0.0793,True,False
Дата МСГ,39.8,0.0027,0.9401389326665142,0.002701856908133659,0.5027,0.0523,False,False
ИМТ жены,98.4,-0.0007,0.9738588156396992,0.0007489195435604447,0.5354,0.078,True,False
