config,тип,уровень,алгоритм,defective,seed,macro_f1,D,T,F,S,C,R,V,conf_coverage,conf_size
M0 эталон,—,0.0,LogReg,0,20260802,0.323,1.0,1.0,0.1992,0.9737,0.611,0.6534,0.5275,0.9122,1.698
T утечка ρ=0.1,T,0.1,LogReg,1,20260802,0.3187,1.0,0.0,0.196,0.9626,0.6542,0.6819,0.0,0.9189,1.642
T утечка ρ=0.3,T,0.3,LogReg,1,20260802,0.42,1.0,0.0,0.2128,0.9534,0.6348,0.6934,0.0,0.9324,1.623
T утечка ρ=0.5,T,0.5,LogReg,1,20260802,0.5351,1.0,0.0,0.1766,0.9604,0.5965,0.7593,0.0,0.9426,1.492
T утечка ρ=0.7,T,0.7,LogReg,1,20260802,0.6141,1.0,0.0,0.214,0.969,0.5581,0.8285,0.0,0.9443,1.346
T утечка ρ=0.9,T,0.9,LogReg,1,20260802,0.8984,1.0,0.0,0.0771,0.98,0.5475,0.9502,0.0,0.978,1.1
F подмена η=0.1,F,0.1,LogReg,1,20260802,0.323,1.0,1.0,0.1792,0.9766,0.611,0.6534,0.5142,0.9122,1.698
F подмена η=0.25,F,0.25,LogReg,1,20260802,0.323,1.0,1.0,0.1522,0.9699,0.611,0.6534,0.4927,0.9122,1.698
F подмена η=0.5,F,0.5,LogReg,1,20260802,0.323,1.0,1.0,0.1001,0.9829,0.611,0.6534,0.4452,0.9122,1.698
F подмена η=0.75,F,0.75,LogReg,1,20260802,0.323,1.0,1.0,0.0489,0.9781,0.611,0.6534,0.3718,0.9122,1.698
F подмена η=1.0,F,1.0,LogReg,1,20260802,0.323,1.0,1.0,0.0041,0.9762,0.611,0.6534,0.1996,0.9122,1.698
S доля=0.05,S,0.05,LogReg,1,20260802,0.3425,1.0,1.0,0.5198,0.5458,0.6308,0.7055,0.5961,0.8463,1.622
S доля=0.1,S,0.1,LogReg,1,20260802,0.3296,1.0,1.0,0.6455,0.5167,0.6266,0.6805,0.6141,0.848,1.667
S доля=0.15,S,0.15,LogReg,1,20260802,0.2978,1.0,1.0,0.8144,0.5132,0.6765,0.6883,0.6642,0.8345,1.647
S доля=0.25,S,0.25,LogReg,1,20260802,0.3733,1.0,1.0,0.6232,0.5886,0.6796,0.7387,0.6551,0.8564,1.537
S доля=0.4,S,0.4,LogReg,1,20260802,0.3498,1.0,1.0,0.8887,0.5693,0.6523,0.7019,0.6937,0.8716,1.627
C инверсия η=0.05,C,0.05,LogReg,1,20260802,0.306,1.0,1.0,0.1757,0.9899,0.4927,0.685,0.4922,0.9088,1.63
C инверсия η=0.1,C,0.1,LogReg,1,20260802,0.3129,1.0,1.0,0.1957,0.9715,0.4923,0.6143,0.4897,0.8868,1.807
C инверсия η=0.2,C,0.2,LogReg,1,20260802,0.2554,1.0,1.0,0.1821,0.9715,0.0972,0.7035,0.3316,0.7736,1.627
C инверсия η=0.3,C,0.3,LogReg,1,20260802,0.2311,1.0,1.0,0.2254,0.98,0.0744,0.8646,0.3453,0.5591,1.292
R шум σ×0.25,R,0.25,LogReg,1,20260802,0.3083,1.0,1.0,0.2288,0.898,0.6225,0.6537,0.5377,0.9223,1.696
R шум σ×0.5,R,0.5,LogReg,1,20260802,0.3171,1.0,1.0,0.2895,0.8439,0.6189,0.6664,0.5634,0.9122,1.677
R шум σ×1.0,R,1.0,LogReg,1,20260802,0.3659,1.0,1.0,0.4653,0.6652,0.6504,0.674,0.6069,0.8986,1.666
R шум σ×1.5,R,1.5,LogReg,1,20260802,0.3169,1.0,1.0,0.7316,0.5398,0.6697,0.6672,0.6481,0.8632,1.699
R шум σ×2.0,R,2.0,LogReg,1,20260802,0.3451,1.0,1.0,0.8925,0.4194,0.6628,0.6945,0.6443,0.8108,1.633
D невозможный АМГ,D,0.1,LogReg,1,20260802,0.3434,0.0,1.0,0.181,0.9772,0.7723,0.6847,0.0,0.8345,1.635
D противоречие ИМТ,D,0.1,LogReg,1,20260802,0.3235,0.0,1.0,0.2087,0.9699,0.6107,0.6805,0.0,0.9071,1.644
D пропуск АМГ,D,0.2,LogReg,1,20260802,0.3173,0.0,1.0,0.2075,0.9775,0.5821,0.6532,0.0,0.9122,1.696
D ошибка единиц,D,0.1,LogReg,1,20260802,0.3286,0.0,1.0,0.1713,0.9791,0.7764,0.6881,0.0,0.8345,1.628
M0 эталон,—,0.0,LogReg,0,20260803,0.323,1.0,1.0,0.2004,0.9819,0.611,0.6534,0.5295,0.9122,1.698
T утечка ρ=0.1,T,0.1,LogReg,1,20260803,0.3569,1.0,0.0,0.2252,0.9636,0.6324,0.6678,0.0,0.9054,1.669
T утечка ρ=0.3,T,0.3,LogReg,1,20260803,0.411,1.0,0.0,0.2008,0.9614,0.6294,0.7142,0.0,0.9324,1.583
T утечка ρ=0.5,T,0.5,LogReg,1,20260803,0.4918,1.0,0.0,0.227,0.9515,0.6328,0.7646,0.0,0.9341,1.476
T утечка ρ=0.7,T,0.7,LogReg,1,20260803,0.629,1.0,0.0,0.1818,0.962,0.5774,0.8088,0.0,0.9426,1.387
T утечка ρ=0.9,T,0.9,LogReg,1,20260803,0.8923,1.0,0.0,0.0998,0.9759,0.5718,0.9367,0.0,0.978,1.127
F подмена η=0.1,F,0.1,LogReg,1,20260803,0.323,1.0,1.0,0.1757,0.9785,0.611,0.6534,0.5119,0.9122,1.698
F подмена η=0.25,F,0.25,LogReg,1,20260803,0.323,1.0,1.0,0.1489,0.9759,0.611,0.6534,0.4908,0.9122,1.698
F подмена η=0.5,F,0.5,LogReg,1,20260803,0.323,1.0,1.0,0.0996,0.9728,0.611,0.6534,0.4435,0.9122,1.698
F подмена η=0.75,F,0.75,LogReg,1,20260803,0.323,1.0,1.0,0.0499,0.975,0.611,0.6534,0.3733,0.9122,1.698
F подмена η=1.0,F,1.0,LogReg,1,20260803,0.323,1.0,1.0,0.004,0.9791,0.611,0.6534,0.1994,0.9122,1.698
S доля=0.05,S,0.05,LogReg,1,20260803,0.348,1.0,1.0,0.6694,0.4822,0.6196,0.6608,0.6029,0.8868,1.691
S доля=0.1,S,0.1,LogReg,1,20260803,0.3232,1.0,1.0,0.785,0.5677,0.5932,0.6881,0.6531,0.8632,1.669
S доля=0.15,S,0.15,LogReg,1,20260803,0.3641,1.0,1.0,0.7516,0.5962,0.6267,0.6985,0.6655,0.875,1.637
S доля=0.25,S,0.25,LogReg,1,20260803,0.2976,1.0,1.0,0.9761,0.4768,0.6028,0.6861,0.6624,0.8294,1.66
S доля=0.4,S,0.4,LogReg,1,20260803,0.349,1.0,1.0,0.8803,0.6139,0.6317,0.7269,0.7058,0.875,1.557
C инверсия η=0.05,C,0.05,LogReg,1,20260803,0.306,1.0,1.0,0.1822,0.988,0.4927,0.685,0.4965,0.9088,1.63
C инверсия η=0.1,C,0.1,LogReg,1,20260803,0.3129,1.0,1.0,0.1951,0.9588,0.4923,0.6143,0.4877,0.8868,1.807
C инверсия η=0.2,C,0.2,LogReg,1,20260803,0.2554,1.0,1.0,0.1809,0.9693,0.0972,0.7035,0.3309,0.7736,1.627
C инверсия η=0.3,C,0.3,LogReg,1,20260803,0.2311,1.0,1.0,0.2352,0.987,0.0744,0.8646,0.3496,0.5591,1.292
R шум σ×0.25,R,0.25,LogReg,1,20260803,0.3127,1.0,1.0,0.2339,0.9433,0.6232,0.6596,0.5488,0.9155,1.688
R шум σ×0.5,R,0.5,LogReg,1,20260803,0.3255,1.0,1.0,0.286,0.8597,0.6385,0.6568,0.5667,0.9172,1.694
R шум σ×1.0,R,1.0,LogReg,1,20260803,0.321,1.0,1.0,0.4839,0.6367,0.6804,0.6613,0.6102,0.897,1.698
R шум σ×1.5,R,1.5,LogReg,1,20260803,0.3524,1.0,1.0,0.6999,0.5816,0.6384,0.6802,0.6484,0.8632,1.655
R шум σ×2.0,R,2.0,LogReg,1,20260803,0.3253,1.0,1.0,0.9253,0.5398,0.6762,0.6917,0.6952,0.7956,1.647
D невозможный АМГ,D,0.1,LogReg,1,20260803,0.3171,0.0,1.0,0.1827,0.981,0.7705,0.6917,0.0,0.8176,1.62
D противоречие ИМТ,D,0.1,LogReg,1,20260803,0.3497,0.0,1.0,0.203,0.9705,0.6167,0.6729,0.0,0.9139,1.659
D пропуск АМГ,D,0.2,LogReg,1,20260803,0.3237,0.0,1.0,0.1968,0.9819,0.6143,0.6495,0.0,0.9139,1.704
D ошибка единиц,D,0.1,LogReg,1,20260803,0.3458,0.0,1.0,0.1809,0.9851,0.7672,0.6875,0.0,0.8345,1.628
M0 эталон,—,0.0,LogReg,0,20260804,0.323,1.0,1.0,0.1954,0.9788,0.611,0.6534,0.5256,0.9122,1.698
T утечка ρ=0.1,T,0.1,LogReg,1,20260804,0.3435,1.0,0.0,0.2135,0.962,0.6153,0.6768,0.0,0.9155,1.655
T утечка ρ=0.3,T,0.3,LogReg,1,20260804,0.4183,1.0,0.0,0.2014,0.9617,0.6074,0.7154,0.0,0.9274,1.573
T утечка ρ=0.5,T,0.5,LogReg,1,20260804,0.478,1.0,0.0,0.2359,0.9528,0.5807,0.7641,0.0,0.924,1.48
T утечка ρ=0.7,T,0.7,LogReg,1,20260804,0.6253,1.0,0.0,0.1439,0.9661,0.6167,0.8114,0.0,0.9493,1.378
T утечка ρ=0.9,T,0.9,LogReg,1,20260804,0.886,1.0,0.0,0.0598,0.9873,0.5751,0.9519,0.0,0.9747,1.096
F подмена η=0.1,F,0.1,LogReg,1,20260804,0.323,1.0,1.0,0.1799,0.9778,0.611,0.6534,0.5148,0.9122,1.698
F подмена η=0.25,F,0.25,LogReg,1,20260804,0.323,1.0,1.0,0.1505,0.974,0.611,0.6534,0.4918,0.9122,1.698
F подмена η=0.5,F,0.5,LogReg,1,20260804,0.323,1.0,1.0,0.0977,0.9807,0.611,0.6534,0.4422,0.9122,1.698
F подмена η=0.75,F,0.75,LogReg,1,20260804,0.323,1.0,1.0,0.0484,0.9769,0.611,0.6534,0.3706,0.9122,1.698
F подмена η=1.0,F,1.0,LogReg,1,20260804,0.323,1.0,1.0,0.004,0.981,0.611,0.6534,0.1987,0.9122,1.698
S доля=0.05,S,0.05,LogReg,1,20260804,0.3514,1.0,1.0,0.6874,0.5129,0.6531,0.6861,0.6305,0.8818,1.65
S доля=0.1,S,0.1,LogReg,1,20260804,0.3647,1.0,1.0,0.9401,0.4882,0.6126,0.6706,0.6589,0.8209,1.713
S доля=0.15,S,0.15,LogReg,1,20260804,0.3328,1.0,1.0,0.8277,0.5268,0.6178,0.6898,0.6566,0.8666,1.642
S доля=0.25,S,0.25,LogReg,1,20260804,0.3448,1.0,1.0,0.9972,0.5693,0.666,0.6867,0.7138,0.8412,1.654
S доля=0.4,S,0.4,LogReg,1,20260804,0.3659,1.0,1.0,1.0,0.5841,0.6384,0.7038,0.7158,0.8649,1.615
C инверсия η=0.05,C,0.05,LogReg,1,20260804,0.306,1.0,1.0,0.1797,0.9845,0.4927,0.685,0.4943,0.9088,1.63
C инверсия η=0.1,C,0.1,LogReg,1,20260804,0.3129,1.0,1.0,0.2037,0.9712,0.4923,0.6143,0.4946,0.8868,1.807
C инверсия η=0.2,C,0.2,LogReg,1,20260804,0.2554,1.0,1.0,0.1822,0.9664,0.0972,0.7035,0.3312,0.7736,1.627
C инверсия η=0.3,C,0.3,LogReg,1,20260804,0.2311,1.0,1.0,0.2285,0.975,0.0744,0.8646,0.346,0.5591,1.292
R шум σ×0.25,R,0.25,LogReg,1,20260804,0.3151,1.0,1.0,0.2261,0.9348,0.6035,0.6515,0.5369,0.9206,1.699
R шум σ×0.5,R,0.5,LogReg,1,20260804,0.3221,1.0,1.0,0.2927,0.9126,0.6274,0.6731,0.5796,0.9071,1.66
R шум σ×1.0,R,1.0,LogReg,1,20260804,0.3161,1.0,1.0,0.4902,0.6605,0.6791,0.6551,0.6161,0.8902,1.701
R шум σ×1.5,R,1.5,LogReg,1,20260804,0.3079,1.0,1.0,0.6838,0.5531,0.6768,0.6737,0.6444,0.853,1.674
R шум σ×2.0,R,2.0,LogReg,1,20260804,0.3394,1.0,1.0,0.8931,0.5395,0.6774,0.7072,0.6931,0.8057,1.615
D невозможный АМГ,D,0.1,LogReg,1,20260804,0.3123,0.0,1.0,0.1779,0.9832,0.7746,0.6898,0.0,0.8243,1.625
D противоречие ИМТ,D,0.1,LogReg,1,20260804,0.3472,0.0,1.0,0.2042,0.968,0.6212,0.6799,0.0,0.9054,1.644
D пропуск АМГ,D,0.2,LogReg,1,20260804,0.3184,0.0,1.0,0.2018,0.9724,0.5813,0.6509,0.0,0.9139,1.703
D ошибка единиц,D,0.1,LogReg,1,20260804,0.3214,0.0,1.0,0.1772,0.9788,0.7769,0.6889,0.0,0.826,1.627
M0 эталон,—,0.0,RandomForest,0,20260802,0.4019,1.0,1.0,0.6426,0.7786,0.7289,0.6979,0.7103,0.8986,1.617
T утечка ρ=0.1,T,0.1,RandomForest,1,20260802,0.4062,1.0,0.0,0.4482,0.7951,0.697,0.6622,0.0,0.9274,1.699
T утечка ρ=0.3,T,0.3,RandomForest,1,20260802,0.4394,1.0,0.0,0.3938,0.8163,0.6921,0.7058,0.0,0.9223,1.61
T утечка ρ=0.5,T,0.5,RandomForest,1,20260802,0.4334,1.0,0.0,0.3762,0.8492,0.692,0.7072,0.0,0.9307,1.601
T утечка ρ=0.7,T,0.7,RandomForest,1,20260802,0.639,1.0,0.0,0.2997,0.9072,0.5941,0.7936,0.0,0.9459,1.421
T утечка ρ=0.9,T,0.9,RandomForest,1,20260802,0.9122,1.0,0.0,0.1453,0.9794,0.5664,0.9417,0.0,0.978,1.117
F подмена η=0.1,F,0.1,RandomForest,1,20260802,0.4019,1.0,1.0,0.5772,0.7577,0.7289,0.6979,0.6868,0.8986,1.617
F подмена η=0.25,F,0.25,RandomForest,1,20260802,0.4019,1.0,1.0,0.4813,0.7682,0.7289,0.6979,0.6586,0.8986,1.617
F подмена η=0.5,F,0.5,RandomForest,1,20260802,0.4019,1.0,1.0,0.3185,0.7691,0.7289,0.6979,0.5942,0.8986,1.617
F подмена η=0.75,F,0.75,RandomForest,1,20260802,0.4019,1.0,1.0,0.1614,0.7637,0.7289,0.6979,0.5004,0.8986,1.617
F подмена η=1.0,F,1.0,RandomForest,1,20260802,0.4019,1.0,1.0,0.0129,0.7732,0.7289,0.6979,0.2671,0.8986,1.617
S доля=0.05,S,0.05,RandomForest,1,20260802,0.3486,1.0,1.0,0.6045,0.4796,0.5995,0.656,0.5811,0.8666,1.733
S доля=0.1,S,0.1,RandomForest,1,20260802,0.3344,1.0,1.0,0.845,0.5743,0.5852,0.6976,0.6672,0.875,1.628
S доля=0.15,S,0.15,RandomForest,1,20260802,0.3871,1.0,1.0,0.751,0.5309,0.5927,0.6495,0.6259,0.848,1.748
S доля=0.25,S,0.25,RandomForest,1,20260802,0.3512,1.0,1.0,0.9779,0.4685,0.6295,0.6416,0.6559,0.8514,1.775
S доля=0.4,S,0.4,RandomForest,1,20260802,0.3537,1.0,1.0,0.946,0.5582,0.6219,0.7041,0.6934,0.8497,1.637
C инверсия η=0.05,C,0.05,RandomForest,1,20260802,0.3813,1.0,1.0,0.6593,0.7884,0.5798,0.7255,0.6838,0.848,1.559
C инверсия η=0.1,C,0.1,RandomForest,1,20260802,0.3707,1.0,1.0,0.5662,0.8309,0.4369,0.7517,0.627,0.8041,1.503
C инверсия η=0.2,C,0.2,RandomForest,1,20260802,0.3405,1.0,1.0,0.4605,0.8568,0.2228,0.8026,0.5154,0.6892,1.397
C инверсия η=0.3,C,0.3,RandomForest,1,20260802,0.2889,1.0,1.0,0.3262,0.9005,0.1001,0.8663,0.3995,0.5625,1.269
R шум σ×0.25,R,0.25,RandomForest,1,20260802,0.3272,1.0,1.0,0.4087,0.772,0.7138,0.5712,0.5989,0.9493,1.89
R шум σ×0.5,R,0.5,RandomForest,1,20260802,0.3243,1.0,1.0,0.3742,0.7723,0.7135,0.5304,0.5751,0.9578,1.97
R шум σ×1.0,R,1.0,RandomForest,1,20260802,0.334,1.0,1.0,0.3413,0.6744,0.6938,0.5039,0.5326,0.9595,2.03
R шум σ×1.5,R,1.5,RandomForest,1,20260802,0.3199,1.0,1.0,0.3238,0.5955,0.6768,0.4935,0.5038,0.9713,2.076
R шум σ×2.0,R,2.0,RandomForest,1,20260802,0.3395,1.0,1.0,0.3103,0.5765,0.6461,0.4749,0.4841,0.973,2.157
D невозможный АМГ,D,0.1,RandomForest,1,20260802,0.3929,0.0,1.0,0.6167,0.7387,0.6725,0.6681,0.0,0.9071,1.718
D противоречие ИМТ,D,0.1,RandomForest,1,20260802,0.4044,0.0,1.0,0.6073,0.7878,0.729,0.69,0.0,0.9071,1.633
D пропуск АМГ,D,0.2,RandomForest,1,20260802,0.4188,0.0,1.0,0.6174,0.7818,0.7186,0.6706,0.0,0.9071,1.669
D ошибка единиц,D,0.1,RandomForest,1,20260802,0.3989,0.0,1.0,0.6049,0.7482,0.6847,0.6667,0.0,0.9088,1.713
M0 эталон,—,0.0,RandomForest,0,20260803,0.3913,1.0,1.0,0.6391,0.764,0.7123,0.6959,0.7014,0.8885,1.628
T утечка ρ=0.1,T,0.1,RandomForest,1,20260803,0.439,1.0,0.0,0.4442,0.79,0.6692,0.6579,0.0,0.924,1.708
T утечка ρ=0.3,T,0.3,RandomForest,1,20260803,0.4292,1.0,0.0,0.3901,0.803,0.7038,0.6822,0.0,0.9375,1.664
T утечка ρ=0.5,T,0.5,RandomForest,1,20260803,0.4817,1.0,0.0,0.3801,0.8572,0.6679,0.7154,0.0,0.9324,1.583
T утечка ρ=0.7,T,0.7,RandomForest,1,20260803,0.6429,1.0,0.0,0.317,0.904,0.6332,0.7922,0.0,0.951,1.429
T утечка ρ=0.9,T,0.9,RandomForest,1,20260803,0.8723,1.0,0.0,0.1803,0.9785,0.5691,0.9265,0.0,0.9764,1.147
F подмена η=0.1,F,0.1,RandomForest,1,20260803,0.3913,1.0,1.0,0.5756,0.7659,0.7123,0.6959,0.6837,0.8885,1.628
F подмена η=0.25,F,0.25,RandomForest,1,20260803,0.3913,1.0,1.0,0.4898,0.7656,0.7123,0.6959,0.6566,0.8885,1.628
F подмена η=0.5,F,0.5,RandomForest,1,20260803,0.3913,1.0,1.0,0.3237,0.7716,0.7123,0.6959,0.5932,0.8885,1.628
F подмена η=0.75,F,0.75,RandomForest,1,20260803,0.3913,1.0,1.0,0.1583,0.7564,0.7123,0.6959,0.4936,0.8885,1.628
F подмена η=1.0,F,1.0,RandomForest,1,20260803,0.3913,1.0,1.0,0.0127,0.7694,0.7123,0.6959,0.264,0.8885,1.628
S доля=0.05,S,0.05,RandomForest,1,20260803,0.3498,1.0,1.0,0.6207,0.5895,0.4983,0.6903,0.5957,0.848,1.652
S доля=0.1,S,0.1,RandomForest,1,20260803,0.3198,1.0,1.0,0.7923,0.5382,0.6162,0.6774,0.6495,0.8818,1.682
S доля=0.15,S,0.15,RandomForest,1,20260803,0.3317,1.0,1.0,0.7502,0.5566,0.6531,0.6993,0.6608,0.8277,1.632
S доля=0.25,S,0.25,RandomForest,1,20260803,0.3823,1.0,1.0,0.6987,0.5579,0.6703,0.7241,0.6595,0.853,1.581
S доля=0.4,S,0.4,RandomForest,1,20260803,0.3894,1.0,1.0,0.8471,0.5696,0.6822,0.7182,0.6973,0.8666,1.593
C инверсия η=0.05,C,0.05,RandomForest,1,20260803,0.3917,1.0,1.0,0.6514,0.783,0.5835,0.732,0.6832,0.8361,1.551
C инверсия η=0.1,C,0.1,RandomForest,1,20260803,0.3781,1.0,1.0,0.6087,0.8188,0.4394,0.7449,0.6356,0.8024,1.517
C инверсия η=0.2,C,0.2,RandomForest,1,20260803,0.331,1.0,1.0,0.502,0.8553,0.2321,0.8077,0.5327,0.6875,1.387
C инверсия η=0.3,C,0.3,RandomForest,1,20260803,0.2865,1.0,1.0,0.3265,0.9107,0.0969,0.8685,0.3977,0.5625,1.265
R шум σ×0.25,R,0.25,RandomForest,1,20260803,0.3409,1.0,1.0,0.4108,0.7777,0.7423,0.5552,0.6024,0.9561,1.916
R шум σ×0.5,R,0.5,RandomForest,1,20260803,0.3686,1.0,1.0,0.3753,0.7314,0.6996,0.5335,0.5658,0.9595,1.958
R шум σ×1.0,R,1.0,RandomForest,1,20260803,0.3407,1.0,1.0,0.357,0.6602,0.6347,0.509,0.5253,0.9679,2.014
R шум σ×1.5,R,1.5,RandomForest,1,20260803,0.3286,1.0,1.0,0.3191,0.6095,0.6196,0.4947,0.4941,0.9679,2.073
R шум σ×2.0,R,2.0,RandomForest,1,20260803,0.3215,1.0,1.0,0.3071,0.5607,0.5911,0.4876,0.472,0.9679,2.105
D невозможный АМГ,D,0.1,RandomForest,1,20260803,0.3887,0.0,1.0,0.616,0.758,0.6562,0.6602,0.0,0.8986,1.745
D противоречие ИМТ,D,0.1,RandomForest,1,20260803,0.387,0.0,1.0,0.6226,0.7678,0.7053,0.6875,0.0,0.8936,1.649
D пропуск АМГ,D,0.2,RandomForest,1,20260803,0.4003,0.0,1.0,0.6095,0.7473,0.6968,0.6599,0.0,0.9054,1.696
D ошибка единиц,D,0.1,RandomForest,1,20260803,0.3738,0.0,1.0,0.6267,0.7365,0.6675,0.6689,0.0,0.8868,1.726
M0 эталон,—,0.0,RandomForest,0,20260804,0.3933,1.0,1.0,0.6397,0.7729,0.7284,0.7047,0.7098,0.8818,1.606
T утечка ρ=0.1,T,0.1,RandomForest,1,20260804,0.4136,1.0,0.0,0.4393,0.8017,0.6887,0.6655,0.0,0.9341,1.693
T утечка ρ=0.3,T,0.3,RandomForest,1,20260804,0.463,1.0,0.0,0.3895,0.8293,0.6879,0.6968,0.0,0.9307,1.623
T утечка ρ=0.5,T,0.5,RandomForest,1,20260804,0.5255,1.0,0.0,0.3666,0.8686,0.6884,0.7176,0.0,0.9307,1.583
T утечка ρ=0.7,T,0.7,RandomForest,1,20260804,0.6038,1.0,0.0,0.3363,0.9009,0.5992,0.7624,0.0,0.9645,1.493
T утечка ρ=0.9,T,0.9,RandomForest,1,20260804,0.8146,1.0,0.0,0.1734,0.9753,0.5682,0.9347,0.0,0.9764,1.132
F подмена η=0.1,F,0.1,RandomForest,1,20260804,0.3933,1.0,1.0,0.5626,0.7564,0.7284,0.7047,0.6836,0.8818,1.606
F подмена η=0.25,F,0.25,RandomForest,1,20260804,0.3933,1.0,1.0,0.4782,0.7577,0.7284,0.7047,0.6567,0.8818,1.606
F подмена η=0.5,F,0.5,RandomForest,1,20260804,0.3933,1.0,1.0,0.3155,0.7707,0.7284,0.7047,0.5944,0.8818,1.606
F подмена η=0.75,F,0.75,RandomForest,1,20260804,0.3933,1.0,1.0,0.1561,0.7533,0.7284,0.7047,0.4956,0.8818,1.606
F подмена η=1.0,F,1.0,RandomForest,1,20260804,0.3933,1.0,1.0,0.0124,0.7637,0.7284,0.7047,0.2643,0.8818,1.606
S доля=0.05,S,0.05,RandomForest,1,20260804,0.3306,1.0,1.0,0.7102,0.5325,0.5744,0.6737,0.6185,0.8666,1.691
S доля=0.1,S,0.1,RandomForest,1,20260804,0.348,1.0,1.0,0.9887,0.5062,0.6714,0.6762,0.6904,0.8598,1.703
S доля=0.15,S,0.15,RandomForest,1,20260804,0.3946,1.0,1.0,1.0,0.5255,0.6385,0.723,0.7018,0.8294,1.581
S доля=0.25,S,0.25,RandomForest,1,20260804,0.3529,1.0,1.0,1.0,0.5674,0.6368,0.6827,0.7047,0.8733,1.674
S доля=0.4,S,0.4,RandomForest,1,20260804,0.3826,1.0,1.0,1.0,0.549,0.5988,0.6934,0.691,0.8682,1.637
C инверсия η=0.05,C,0.05,RandomForest,1,20260804,0.3895,1.0,1.0,0.6317,0.7799,0.5771,0.7165,0.6718,0.8564,1.579
C инверсия η=0.1,C,0.1,RandomForest,1,20260804,0.3649,1.0,1.0,0.5732,0.8198,0.4395,0.7525,0.6279,0.8091,1.505
C инверсия η=0.2,C,0.2,RandomForest,1,20260804,0.3302,1.0,1.0,0.4517,0.8606,0.2258,0.797,0.5143,0.6926,1.407
C инверсия η=0.3,C,0.3,RandomForest,1,20260804,0.2753,1.0,1.0,0.3236,0.9101,0.0975,0.8688,0.3974,0.5625,1.264
R шум σ×0.25,R,0.25,RandomForest,1,20260804,0.3545,1.0,1.0,0.3987,0.7454,0.7256,0.5681,0.5916,0.9459,1.889
R шум σ×0.5,R,0.5,RandomForest,1,20260804,0.3325,1.0,1.0,0.3762,0.689,0.6955,0.5327,0.5567,0.9561,1.959
R шум σ×1.0,R,1.0,RandomForest,1,20260804,0.3342,1.0,1.0,0.356,0.6579,0.682,0.5099,0.5342,0.9595,2.019
R шум σ×1.5,R,1.5,RandomForest,1,20260804,0.3229,1.0,1.0,0.3296,0.5917,0.6453,0.4949,0.4996,0.9713,2.057
R шум σ×2.0,R,2.0,RandomForest,1,20260804,0.3095,1.0,1.0,0.3139,0.5712,0.6188,0.489,0.4826,0.9713,2.096
D невозможный АМГ,D,0.1,RandomForest,1,20260804,0.3899,0.0,1.0,0.6166,0.7435,0.6706,0.6692,0.0,0.8902,1.718
D противоречие ИМТ,D,0.1,RandomForest,1,20260804,0.4004,0.0,1.0,0.6218,0.7612,0.7294,0.6993,0.0,0.8902,1.618
D пропуск АМГ,D,0.2,RandomForest,1,20260804,0.3795,0.0,1.0,0.5992,0.7799,0.7285,0.6762,0.0,0.8902,1.666
D ошибка единиц,D,0.1,RandomForest,1,20260804,0.3914,0.0,1.0,0.5922,0.7466,0.6663,0.6745,0.0,0.8851,1.703
M0 эталон,—,0.0,HistGB,0,20260802,0.3994,1.0,1.0,0.7604,0.7219,0.7426,0.6799,0.7256,0.902,1.657
T утечка ρ=0.1,T,0.1,HistGB,1,20260802,0.3685,1.0,0.0,0.5938,0.7577,0.7128,0.6909,0.0,0.902,1.639
T утечка ρ=0.3,T,0.3,HistGB,1,20260802,0.4478,1.0,0.0,0.5591,0.7716,0.6919,0.7179,0.0,0.9071,1.581
T утечка ρ=0.5,T,0.5,HistGB,1,20260802,0.4803,1.0,0.0,0.4847,0.7887,0.6672,0.7728,0.0,0.8885,1.461
T утечка ρ=0.7,T,0.7,HistGB,1,20260802,0.5889,1.0,0.0,0.3836,0.854,0.6146,0.8353,0.0,0.8936,1.329
T утечка ρ=0.9,T,0.9,HistGB,1,20260802,0.8498,1.0,0.0,0.1167,0.9566,0.561,0.973,0.0,0.951,1.054
F подмена η=0.1,F,0.1,HistGB,1,20260802,0.3994,1.0,1.0,0.6719,0.7343,0.7426,0.6799,0.7065,0.902,1.657
F подмена η=0.25,F,0.25,HistGB,1,20260802,0.3994,1.0,1.0,0.5509,0.745,0.7426,0.6799,0.6747,0.902,1.657
F подмена η=0.5,F,0.5,HistGB,1,20260802,0.3994,1.0,1.0,0.3839,0.7435,0.7426,0.6799,0.6161,0.902,1.657
F подмена η=0.75,F,0.75,HistGB,1,20260802,0.3994,1.0,1.0,0.1884,0.7409,0.7426,0.6799,0.5152,0.902,1.657
F подмена η=1.0,F,1.0,HistGB,1,20260802,0.3994,1.0,1.0,0.0147,0.7267,0.7426,0.6799,0.2709,0.902,1.657
S доля=0.05,S,0.05,HistGB,1,20260802,0.3149,1.0,1.0,0.7122,0.5389,0.5983,0.6793,0.6284,0.8564,1.681
S доля=0.1,S,0.1,HistGB,1,20260802,0.3526,1.0,1.0,0.6788,0.5081,0.555,0.6799,0.6006,0.8564,1.677
S доля=0.15,S,0.15,HistGB,1,20260802,0.3426,1.0,1.0,0.8085,0.5528,0.6001,0.685,0.6547,0.8666,1.654
S доля=0.25,S,0.25,HistGB,1,20260802,0.3273,1.0,1.0,0.7523,0.5936,0.6209,0.7072,0.6655,0.8564,1.615
S доля=0.4,S,0.4,HistGB,1,20260802,0.3641,1.0,1.0,1.0,0.5468,0.6702,0.6765,0.7056,0.8784,1.684
C инверсия η=0.05,C,0.05,HistGB,1,20260802,0.3811,1.0,1.0,0.7295,0.7663,0.6058,0.7173,0.702,0.8361,1.571
C инверсия η=0.1,C,0.1,HistGB,1,20260802,0.3631,1.0,1.0,0.6384,0.797,0.4367,0.7734,0.6438,0.7703,1.454
C инверсия η=0.2,C,0.2,HistGB,1,20260802,0.3174,1.0,1.0,0.5132,0.8416,0.2247,0.8401,0.5344,0.6351,1.321
C инверсия η=0.3,C,0.3,HistGB,1,20260802,0.2817,1.0,1.0,0.3597,0.8866,0.0932,0.9206,0.4067,0.5,1.159
R шум σ×0.25,R,0.25,HistGB,1,20260802,0.3773,1.0,1.0,0.7346,0.7314,0.7083,0.661,0.7082,0.9122,1.686
R шум σ×0.5,R,0.5,HistGB,1,20260802,0.3372,1.0,1.0,0.7173,0.702,0.6843,0.6655,0.692,0.9122,1.676
R шум σ×1.0,R,1.0,HistGB,1,20260802,0.3339,1.0,1.0,0.7976,0.6747,0.7081,0.6481,0.705,0.9155,1.713
R шум σ×1.5,R,1.5,HistGB,1,20260802,0.3364,1.0,1.0,0.7498,0.6883,0.6745,0.6593,0.6922,0.9139,1.689
R шум σ×2.0,R,2.0,HistGB,1,20260802,0.3311,1.0,1.0,0.7367,0.6741,0.6671,0.665,0.6851,0.8818,1.679
D невозможный АМГ,D,0.1,HistGB,1,20260802,0.3799,0.0,1.0,0.7633,0.7441,0.6796,0.6729,0.0,0.897,1.682
D противоречие ИМТ,D,0.1,HistGB,1,20260802,0.3947,0.0,1.0,0.7455,0.7422,0.7319,0.6805,0.0,0.9003,1.654
D пропуск АМГ,D,0.2,HistGB,1,20260802,0.3809,0.0,1.0,0.7696,0.7283,0.7207,0.6681,0.0,0.9071,1.677
D ошибка единиц,D,0.1,HistGB,1,20260802,0.3898,0.0,1.0,0.756,0.7574,0.6798,0.6757,0.0,0.9071,1.679
M0 эталон,—,0.0,HistGB,0,20260803,0.3994,1.0,1.0,0.7532,0.7488,0.7426,0.6799,0.7305,0.902,1.657
T утечка ρ=0.1,T,0.1,HistGB,1,20260803,0.3458,1.0,0.0,0.601,0.7181,0.7263,0.6796,0.0,0.9037,1.669
T утечка ρ=0.3,T,0.3,HistGB,1,20260803,0.3936,1.0,0.0,0.579,0.7659,0.658,0.6934,0.0,0.9071,1.63
T утечка ρ=0.5,T,0.5,HistGB,1,20260803,0.44,1.0,0.0,0.5315,0.8185,0.7054,0.7494,0.0,0.8885,1.51
T утечка ρ=0.7,T,0.7,HistGB,1,20260803,0.5789,1.0,0.0,0.3825,0.8553,0.6315,0.8477,0.0,0.9139,1.306
T утечка ρ=0.9,T,0.9,HistGB,1,20260803,0.9319,1.0,0.0,0.1185,0.9639,0.5611,0.9713,0.0,0.9713,1.057
F подмена η=0.1,F,0.1,HistGB,1,20260803,0.3994,1.0,1.0,0.6827,0.758,0.7426,0.6799,0.715,0.902,1.657
F подмена η=0.25,F,0.25,HistGB,1,20260803,0.3994,1.0,1.0,0.5582,0.7438,0.7426,0.6799,0.6766,0.902,1.657
F подмена η=0.5,F,0.5,HistGB,1,20260803,0.3994,1.0,1.0,0.3755,0.7314,0.7426,0.6799,0.6102,0.902,1.657
F подмена η=0.75,F,0.75,HistGB,1,20260803,0.3994,1.0,1.0,0.189,0.7447,0.7426,0.6799,0.5163,0.902,1.657
F подмена η=1.0,F,1.0,HistGB,1,20260803,0.3994,1.0,1.0,0.0152,0.7311,0.7426,0.6799,0.2739,0.902,1.657
S доля=0.05,S,0.05,HistGB,1,20260803,0.3291,1.0,1.0,0.7009,0.4932,0.7268,0.6937,0.6461,0.8311,1.645
S доля=0.1,S,0.1,HistGB,1,20260803,0.3215,1.0,1.0,0.7598,0.5585,0.622,0.7114,0.6583,0.8733,1.59
S доля=0.15,S,0.15,HistGB,1,20260803,0.3342,1.0,1.0,0.6598,0.5962,0.6212,0.7244,0.6486,0.8564,1.576
S доля=0.25,S,0.25,HistGB,1,20260803,0.351,1.0,1.0,0.8739,0.5693,0.6512,0.7052,0.6914,0.8666,1.633
S доля=0.4,S,0.4,HistGB,1,20260803,0.4153,1.0,1.0,0.8562,0.5579,0.6694,0.7081,0.6898,0.8733,1.606
C инверсия η=0.05,C,0.05,HistGB,1,20260803,0.3811,1.0,1.0,0.7115,0.7637,0.6058,0.7173,0.6971,0.8361,1.571
C инверсия η=0.1,C,0.1,HistGB,1,20260803,0.3631,1.0,1.0,0.6616,0.7986,0.4367,0.7734,0.6499,0.7703,1.454
C инверсия η=0.2,C,0.2,HistGB,1,20260803,0.3174,1.0,1.0,0.5387,0.8416,0.2247,0.8401,0.5409,0.6351,1.321
C инверсия η=0.3,C,0.3,HistGB,1,20260803,0.2817,1.0,1.0,0.3399,0.8784,0.0932,0.9206,0.4,0.5,1.159
R шум σ×0.25,R,0.25,HistGB,1,20260803,0.3498,1.0,1.0,0.7191,0.7026,0.7093,0.6506,0.6949,0.9172,1.715
R шум σ×0.5,R,0.5,HistGB,1,20260803,0.3375,1.0,1.0,0.7364,0.7222,0.7231,0.6441,0.7055,0.9172,1.72
R шум σ×1.0,R,1.0,HistGB,1,20260803,0.3234,1.0,1.0,0.7605,0.6655,0.6735,0.6605,0.6888,0.9037,1.686
R шум σ×1.5,R,1.5,HistGB,1,20260803,0.3218,1.0,1.0,0.7218,0.676,0.6817,0.661,0.6848,0.9139,1.686
R шум σ×2.0,R,2.0,HistGB,1,20260803,0.302,1.0,1.0,0.7509,0.6674,0.6778,0.6543,0.6866,0.9139,1.703
D невозможный АМГ,D,0.1,HistGB,1,20260803,0.3971,0.0,1.0,0.735,0.7545,0.6672,0.6754,0.0,0.9037,1.674
D противоречие ИМТ,D,0.1,HistGB,1,20260803,0.4051,0.0,1.0,0.7294,0.7362,0.7354,0.6852,0.0,0.9054,1.642
D пропуск АМГ,D,0.2,HistGB,1,20260803,0.4045,0.0,1.0,0.7717,0.7219,0.7215,0.6574,0.0,0.9139,1.704
D ошибка единиц,D,0.1,HistGB,1,20260803,0.3865,0.0,1.0,0.7582,0.7384,0.6797,0.6715,0.0,0.8986,1.684
M0 эталон,—,0.0,HistGB,0,20260804,0.3994,1.0,1.0,0.7351,0.733,0.7426,0.6799,0.7222,0.902,1.657
T утечка ρ=0.1,T,0.1,HistGB,1,20260804,0.4193,1.0,0.0,0.6448,0.7365,0.7189,0.6686,0.0,0.9206,1.684
T утечка ρ=0.3,T,0.3,HistGB,1,20260804,0.46,1.0,0.0,0.5622,0.7808,0.6986,0.7145,0.0,0.9037,1.584
T утечка ρ=0.5,T,0.5,HistGB,1,20260804,0.4773,1.0,0.0,0.4863,0.8074,0.6685,0.7627,0.0,0.9105,1.488
T утечка ρ=0.7,T,0.7,HistGB,1,20260804,0.6119,1.0,0.0,0.3439,0.8692,0.6272,0.8502,0.0,0.9155,1.301
T утечка ρ=0.9,T,0.9,HistGB,1,20260804,0.8548,1.0,0.0,0.1454,0.9503,0.555,0.9578,0.0,0.9645,1.084
F подмена η=0.1,F,0.1,HistGB,1,20260804,0.3994,1.0,1.0,0.6781,0.739,0.7426,0.6799,0.7092,0.902,1.657
F подмена η=0.25,F,0.25,HistGB,1,20260804,0.3994,1.0,1.0,0.5561,0.7371,0.7426,0.6799,0.6745,0.902,1.657
F подмена η=0.5,F,0.5,HistGB,1,20260804,0.3994,1.0,1.0,0.3771,0.7397,0.7426,0.6799,0.6126,0.902,1.657
F подмена η=0.75,F,0.75,HistGB,1,20260804,0.3994,1.0,1.0,0.1858,0.7349,0.7426,0.6799,0.5124,0.902,1.657
F подмена η=1.0,F,1.0,HistGB,1,20260804,0.3994,1.0,1.0,0.0154,0.733,0.7426,0.6799,0.2747,0.902,1.657
S доля=0.05,S,0.05,HistGB,1,20260804,0.3487,1.0,1.0,0.8564,0.4742,0.6403,0.6388,0.6384,0.8497,1.779
S доля=0.1,S,0.1,HistGB,1,20260804,0.3288,1.0,1.0,1.0,0.537,0.5367,0.701,0.6704,0.853,1.628
S доля=0.15,S,0.15,HistGB,1,20260804,0.3713,1.0,1.0,1.0,0.5208,0.629,0.7114,0.6948,0.8547,1.6
S доля=0.25,S,0.25,HistGB,1,20260804,0.3403,1.0,1.0,0.9544,0.5784,0.6561,0.6968,0.7088,0.8716,1.644
S доля=0.4,S,0.4,HistGB,1,20260804,0.3218,1.0,1.0,0.9953,0.5971,0.6365,0.7066,0.719,0.8632,1.615
C инверсия η=0.05,C,0.05,HistGB,1,20260804,0.3811,1.0,1.0,0.7291,0.7479,0.6058,0.7173,0.6977,0.8361,1.571
C инверсия η=0.1,C,0.1,HistGB,1,20260804,0.3631,1.0,1.0,0.6421,0.8043,0.4367,0.7734,0.6462,0.7703,1.454
C инверсия η=0.2,C,0.2,HistGB,1,20260804,0.3174,1.0,1.0,0.5262,0.8369,0.2247,0.8401,0.537,0.6351,1.321
C инверсия η=0.3,C,0.3,HistGB,1,20260804,0.2817,1.0,1.0,0.3521,0.8828,0.0932,0.9206,0.4041,0.5,1.159
R шум σ×0.25,R,0.25,HistGB,1,20260804,0.3425,1.0,1.0,0.7282,0.7143,0.693,0.6422,0.6936,0.9206,1.731
R шум σ×0.5,R,0.5,HistGB,1,20260804,0.3823,1.0,1.0,0.6983,0.7134,0.7133,0.6591,0.6956,0.9155,1.691
R шум σ×1.0,R,1.0,HistGB,1,20260804,0.3168,1.0,1.0,0.7254,0.7077,0.7156,0.6577,0.7011,0.9122,1.696
R шум σ×1.5,R,1.5,HistGB,1,20260804,0.3526,1.0,1.0,0.7858,0.6545,0.6831,0.6543,0.6924,0.9071,1.703
R шум σ×2.0,R,2.0,HistGB,1,20260804,0.3033,1.0,1.0,0.752,0.6887,0.6689,0.6526,0.6895,0.9054,1.703
D невозможный АМГ,D,0.1,HistGB,1,20260804,0.397,0.0,1.0,0.7531,0.7279,0.6697,0.6664,0.0,0.9054,1.698
D противоречие ИМТ,D,0.1,HistGB,1,20260804,0.3818,0.0,1.0,0.7453,0.7352,0.7393,0.6782,0.0,0.9037,1.66
D пропуск АМГ,D,0.2,HistGB,1,20260804,0.4,0.0,1.0,0.7642,0.7203,0.7369,0.6647,0.0,0.9054,1.681
D ошибка единиц,D,0.1,HistGB,1,20260804,0.3875,0.0,1.0,0.7401,0.7197,0.681,0.6689,0.0,0.9037,1.693
M0 эталон,—,0.0,XGBoost,0,20260802,0.3967,1.0,1.0,0.6725,0.7422,0.7402,0.6639,0.7037,0.9105,1.699
T утечка ρ=0.1,T,0.1,XGBoost,1,20260802,0.3935,1.0,0.0,0.5698,0.7292,0.7234,0.6734,0.0,0.9189,1.679
T утечка ρ=0.3,T,0.3,XGBoost,1,20260802,0.4575,1.0,0.0,0.5157,0.7488,0.6656,0.6945,0.0,0.9307,1.633
T утечка ρ=0.5,T,0.5,XGBoost,1,20260802,0.438,1.0,0.0,0.4511,0.7992,0.6278,0.7354,0.0,0.9172,1.547
T утечка ρ=0.7,T,0.7,XGBoost,1,20260802,0.6004,1.0,0.0,0.3726,0.8565,0.6201,0.8263,0.0,0.9257,1.353
T утечка ρ=0.9,T,0.9,XGBoost,1,20260802,0.8648,1.0,0.0,0.1429,0.942,0.5556,0.9468,0.0,0.9628,1.106
F подмена η=0.1,F,0.1,XGBoost,1,20260802,0.3967,1.0,1.0,0.6061,0.7286,0.7402,0.6639,0.6825,0.9105,1.699
F подмена η=0.25,F,0.25,XGBoost,1,20260802,0.3967,1.0,1.0,0.5013,0.7308,0.7402,0.6639,0.6514,0.9105,1.699
F подмена η=0.5,F,0.5,XGBoost,1,20260802,0.3967,1.0,1.0,0.3333,0.7295,0.7402,0.6639,0.5879,0.9105,1.699
F подмена η=0.75,F,0.75,XGBoost,1,20260802,0.3967,1.0,1.0,0.1669,0.7077,0.7402,0.6639,0.4909,0.9105,1.699
F подмена η=1.0,F,1.0,XGBoost,1,20260802,0.3967,1.0,1.0,0.0131,0.7273,0.7402,0.6639,0.2616,0.9105,1.699
S доля=0.05,S,0.05,XGBoost,1,20260802,0.3135,1.0,1.0,0.6297,0.5541,0.5695,0.6717,0.6044,0.8378,1.682
S доля=0.1,S,0.1,XGBoost,1,20260802,0.3538,1.0,1.0,0.9059,0.448,0.6866,0.665,0.6561,0.826,1.713
S доля=0.15,S,0.15,XGBoost,1,20260802,0.3793,1.0,1.0,0.7093,0.5686,0.6205,0.6841,0.6433,0.8514,1.676
S доля=0.25,S,0.25,XGBoost,1,20260802,0.3349,1.0,1.0,0.9514,0.5062,0.596,0.6779,0.6642,0.8209,1.666
S доля=0.4,S,0.4,XGBoost,1,20260802,0.3726,1.0,1.0,0.9777,0.6076,0.6784,0.7207,0.7341,0.8412,1.608
C инверсия η=0.05,C,0.05,XGBoost,1,20260802,0.3828,1.0,1.0,0.6089,0.7549,0.6039,0.7083,0.6659,0.8497,1.615
C инверсия η=0.1,C,0.1,XGBoost,1,20260802,0.3567,1.0,1.0,0.5483,0.7963,0.4453,0.7286,0.6135,0.8007,1.557
C инверсия η=0.2,C,0.2,XGBoost,1,20260802,0.3192,1.0,1.0,0.4552,0.8378,0.2369,0.8148,0.5209,0.6655,1.372
C инверсия η=0.3,C,0.3,XGBoost,1,20260802,0.2886,1.0,1.0,0.3311,0.8768,0.099,0.8922,0.4001,0.5338,1.218
R шум σ×0.25,R,0.25,XGBoost,1,20260802,0.339,1.0,1.0,0.726,0.6627,0.6815,0.6664,0.6837,0.9155,1.688
R шум σ×0.5,R,0.5,XGBoost,1,20260802,0.331,1.0,1.0,0.8212,0.6361,0.6745,0.6577,0.6938,0.8919,1.716
R шум σ×1.0,R,1.0,XGBoost,1,20260802,0.3082,1.0,1.0,0.9251,0.5499,0.6338,0.6551,0.6779,0.8564,1.735
R шум σ×1.5,R,1.5,XGBoost,1,20260802,0.2951,1.0,1.0,1.0,0.5211,0.6192,0.6678,0.6813,0.8057,1.699
R шум σ×2.0,R,2.0,XGBoost,1,20260802,0.3151,1.0,1.0,1.0,0.4844,0.6113,0.6532,0.6632,0.7889,1.753
D невозможный АМГ,D,0.1,XGBoost,1,20260802,0.3926,0.0,1.0,0.6938,0.7241,0.665,0.6537,0.0,0.902,1.726
D противоречие ИМТ,D,0.1,XGBoost,1,20260802,0.3878,0.0,1.0,0.683,0.7498,0.7317,0.6731,0.0,0.9122,1.681
D пропуск АМГ,D,0.2,XGBoost,1,20260802,0.3971,0.0,1.0,0.6419,0.7245,0.7353,0.6537,0.0,0.9122,1.72
D ошибка единиц,D,0.1,XGBoost,1,20260802,0.3758,0.0,1.0,0.7017,0.7241,0.696,0.6551,0.0,0.902,1.725
M0 эталон,—,0.0,XGBoost,0,20260803,0.3967,1.0,1.0,0.6706,0.7257,0.7402,0.6639,0.6993,0.9105,1.699
T утечка ρ=0.1,T,0.1,XGBoost,1,20260803,0.385,1.0,0.0,0.5188,0.7526,0.7034,0.6799,0.0,0.9071,1.66
T утечка ρ=0.3,T,0.3,XGBoost,1,20260803,0.4326,1.0,0.0,0.5426,0.7726,0.6987,0.7258,0.0,0.8953,1.574
T утечка ρ=0.5,T,0.5,XGBoost,1,20260803,0.5047,1.0,0.0,0.4449,0.8233,0.6711,0.7655,0.0,0.9155,1.485
T утечка ρ=0.7,T,0.7,XGBoost,1,20260803,0.6376,1.0,0.0,0.3737,0.8271,0.6284,0.7869,0.0,0.9409,1.431
T утечка ρ=0.9,T,0.9,XGBoost,1,20260803,0.8459,1.0,0.0,0.1242,0.9607,0.5644,0.9561,0.0,0.9662,1.088
F подмена η=0.1,F,0.1,XGBoost,1,20260803,0.3967,1.0,1.0,0.5982,0.7346,0.7402,0.6639,0.6817,0.9105,1.699
F подмена η=0.25,F,0.25,XGBoost,1,20260803,0.3967,1.0,1.0,0.5021,0.7333,0.7402,0.6639,0.6522,0.9105,1.699
F подмена η=0.5,F,0.5,XGBoost,1,20260803,0.3967,1.0,1.0,0.3296,0.7245,0.7402,0.6639,0.5853,0.9105,1.699
F подмена η=0.75,F,0.75,XGBoost,1,20260803,0.3967,1.0,1.0,0.1648,0.7302,0.7402,0.6639,0.4931,0.9105,1.699
F подмена η=1.0,F,1.0,XGBoost,1,20260803,0.3967,1.0,1.0,0.0133,0.7295,0.7402,0.6639,0.2629,0.9105,1.699
S доля=0.05,S,0.05,XGBoost,1,20260803,0.3491,1.0,1.0,0.6153,0.4765,0.5681,0.6529,0.5742,0.8581,1.725
S доля=0.1,S,0.1,XGBoost,1,20260803,0.3278,1.0,1.0,0.8436,0.5927,0.6651,0.7376,0.7037,0.8514,1.544
S доля=0.15,S,0.15,XGBoost,1,20260803,0.3237,1.0,1.0,0.6979,0.5591,0.6609,0.7041,0.6528,0.8361,1.623
S доля=0.25,S,0.25,XGBoost,1,20260803,0.3159,1.0,1.0,0.8094,0.5427,0.6569,0.6878,0.6674,0.853,1.657
S доля=0.4,S,0.4,XGBoost,1,20260803,0.3372,1.0,1.0,0.9098,0.5724,0.6469,0.6917,0.6948,0.8632,1.65
C инверсия η=0.05,C,0.05,XGBoost,1,20260803,0.3828,1.0,1.0,0.6317,0.7606,0.6039,0.7083,0.6733,0.8497,1.615
C инверсия η=0.1,C,0.1,XGBoost,1,20260803,0.3567,1.0,1.0,0.5483,0.8058,0.4453,0.7286,0.6153,0.8007,1.557
C инверсия η=0.2,C,0.2,XGBoost,1,20260803,0.3192,1.0,1.0,0.462,0.8483,0.2369,0.8148,0.5244,0.6655,1.372
C инверсия η=0.3,C,0.3,XGBoost,1,20260803,0.2886,1.0,1.0,0.3261,0.8746,0.099,0.8922,0.3984,0.5338,1.218
R шум σ×0.25,R,0.25,XGBoost,1,20260803,0.3694,1.0,1.0,0.7549,0.6617,0.681,0.6517,0.6862,0.9223,1.715
R шум σ×0.5,R,0.5,XGBoost,1,20260803,0.3158,1.0,1.0,0.8126,0.6187,0.6725,0.6481,0.6842,0.9054,1.73
R шум σ×1.0,R,1.0,XGBoost,1,20260803,0.2907,1.0,1.0,0.9217,0.5607,0.6551,0.6669,0.6893,0.8429,1.701
R шум σ×1.5,R,1.5,XGBoost,1,20260803,0.3052,1.0,1.0,0.9997,0.5262,0.6387,0.6422,0.6815,0.8395,1.765
R шум σ×2.0,R,2.0,XGBoost,1,20260803,0.3051,1.0,1.0,0.9764,0.485,0.6348,0.6532,0.6657,0.8024,1.747
D невозможный АМГ,D,0.1,XGBoost,1,20260803,0.3719,0.0,1.0,0.7178,0.707,0.709,0.6574,0.0,0.9054,1.721
D противоречие ИМТ,D,0.1,XGBoost,1,20260803,0.3806,0.0,1.0,0.6517,0.7276,0.7336,0.6737,0.0,0.9054,1.677
D пропуск АМГ,D,0.2,XGBoost,1,20260803,0.3813,0.0,1.0,0.6493,0.7343,0.7298,0.6498,0.0,0.9155,1.726
D ошибка единиц,D,0.1,XGBoost,1,20260803,0.3825,0.0,1.0,0.6955,0.7121,0.7025,0.6554,0.0,0.9037,1.72
M0 эталон,—,0.0,XGBoost,0,20260804,0.3967,1.0,1.0,0.6551,0.7298,0.7402,0.6639,0.6962,0.9105,1.699
T утечка ρ=0.1,T,0.1,XGBoost,1,20260804,0.3338,1.0,0.0,0.5482,0.7435,0.7035,0.6948,0.0,0.9037,1.628
T утечка ρ=0.3,T,0.3,XGBoost,1,20260804,0.4261,1.0,0.0,0.5437,0.7473,0.6835,0.6906,0.0,0.9291,1.637
T утечка ρ=0.5,T,0.5,XGBoost,1,20260804,0.5125,1.0,0.0,0.4756,0.7929,0.6582,0.7728,0.0,0.9105,1.465
T утечка ρ=0.7,T,0.7,XGBoost,1,20260804,0.6565,1.0,0.0,0.3821,0.8622,0.6088,0.8232,0.0,0.9274,1.358
T утечка ρ=0.9,T,0.9,XGBoost,1,20260804,0.883,1.0,0.0,0.111,0.9576,0.5848,0.9679,0.0,0.9696,1.064
F подмена η=0.1,F,0.1,XGBoost,1,20260804,0.3967,1.0,1.0,0.5974,0.7146,0.7402,0.6639,0.6768,0.9105,1.699
F подмена η=0.25,F,0.25,XGBoost,1,20260804,0.3967,1.0,1.0,0.4993,0.7352,0.7402,0.6639,0.6517,0.9105,1.699
F подмена η=0.5,F,0.5,XGBoost,1,20260804,0.3967,1.0,1.0,0.3333,0.7248,0.7402,0.6639,0.587,0.9105,1.699
F подмена η=0.75,F,0.75,XGBoost,1,20260804,0.3967,1.0,1.0,0.1663,0.7447,0.7402,0.6639,0.4967,0.9105,1.699
F подмена η=1.0,F,1.0,XGBoost,1,20260804,0.3967,1.0,1.0,0.0131,0.7241,0.7402,0.6639,0.2612,0.9105,1.699
S доля=0.05,S,0.05,XGBoost,1,20260804,0.297,1.0,1.0,0.9342,0.4077,0.5158,0.6515,0.5981,0.8412,1.726
S доля=0.1,S,0.1,XGBoost,1,20260804,0.3593,1.0,1.0,0.9278,0.6114,0.5987,0.7179,0.7027,0.8378,1.595
S доля=0.15,S,0.15,XGBoost,1,20260804,0.3299,1.0,1.0,0.9706,0.5591,0.6581,0.6833,0.7029,0.8497,1.664
S доля=0.25,S,0.25,XGBoost,1,20260804,0.3154,1.0,1.0,1.0,0.5575,0.6266,0.6965,0.7023,0.8547,1.625
S доля=0.4,S,0.4,XGBoost,1,20260804,0.375,1.0,1.0,1.0,0.5544,0.6752,0.6931,0.7137,0.8193,1.645
C инверсия η=0.05,C,0.05,XGBoost,1,20260804,0.3828,1.0,1.0,0.6034,0.7469,0.6039,0.7083,0.6626,0.8497,1.615
C инверсия η=0.1,C,0.1,XGBoost,1,20260804,0.3567,1.0,1.0,0.5591,0.7973,0.4453,0.7286,0.6167,0.8007,1.557
C инверсия η=0.2,C,0.2,XGBoost,1,20260804,0.3192,1.0,1.0,0.4471,0.8334,0.2369,0.8148,0.5178,0.6655,1.372
C инверсия η=0.3,C,0.3,XGBoost,1,20260804,0.2886,1.0,1.0,0.3199,0.8825,0.099,0.8922,0.3974,0.5338,1.218
R шум σ×0.25,R,0.25,XGBoost,1,20260804,0.3512,1.0,1.0,0.755,0.6491,0.6761,0.645,0.6799,0.9139,1.745
R шум σ×0.5,R,0.5,XGBoost,1,20260804,0.3184,1.0,1.0,0.8277,0.6177,0.6727,0.6548,0.6889,0.9003,1.716
R шум σ×1.0,R,1.0,XGBoost,1,20260804,0.3394,1.0,1.0,0.8874,0.5544,0.6885,0.6684,0.6898,0.8666,1.703
R шум σ×1.5,R,1.5,XGBoost,1,20260804,0.2829,1.0,1.0,0.9432,0.4964,0.6674,0.6706,0.6766,0.7889,1.699
R шум σ×2.0,R,2.0,XGBoost,1,20260804,0.3334,1.0,1.0,0.9589,0.486,0.6584,0.6506,0.6684,0.8091,1.762
D невозможный АМГ,D,0.1,XGBoost,1,20260804,0.3707,0.0,1.0,0.6955,0.6934,0.7053,0.6495,0.0,0.9037,1.731
D противоречие ИМТ,D,0.1,XGBoost,1,20260804,0.4129,0.0,1.0,0.6553,0.7393,0.7212,0.6774,0.0,0.9071,1.669
D пропуск АМГ,D,0.2,XGBoost,1,20260804,0.3785,0.0,1.0,0.6621,0.72,0.7332,0.656,0.0,0.9139,1.709
D ошибка единиц,D,0.1,XGBoost,1,20260804,0.3778,0.0,1.0,0.6936,0.7232,0.6932,0.6593,0.0,0.9071,1.716
