config,тип,уровень,алгоритм,defective,seed,macro_f1,conf_coverage,conf_set_size,D,T,F,S,C,R,V
M0 эталон,—,0.0,LogReg,0,20260802,0.323,0.9122,1.698,1.0,1.0,0.1986,0.9762,0.611,0.6534,0.5275
T утечка ρ=0.1,T,0.1,LogReg,1,20260802,0.3187,0.9223,1.676,1.0,0.0,0.2005,0.9696,0.6542,0.6667,0.0
T утечка ρ=0.3,T,0.3,LogReg,1,20260802,0.3568,0.9189,1.581,1.0,0.0,0.2246,0.9572,0.6081,0.7145,0.0
T утечка ρ=0.5,T,0.5,LogReg,1,20260802,0.5016,0.9341,1.505,1.0,0.0,0.1763,0.9607,0.6282,0.7514,0.0
T утечка ρ=0.7,T,0.7,LogReg,1,20260802,0.5263,0.9054,1.248,1.0,0.0,0.1115,0.9639,0.5982,0.8758,0.0
T утечка ρ=0.9,T,0.9,LogReg,1,20260802,0.8897,0.9172,1.0,1.0,0.0,0.0825,0.9785,0.5702,1.0,0.0
F подмена η=0.1,F,0.1,LogReg,1,20260802,0.323,0.9122,1.698,1.0,1.0,0.1787,0.9762,0.611,0.6534,0.5137
F подмена η=0.25,F,0.25,LogReg,1,20260802,0.323,0.9122,1.698,1.0,1.0,0.1489,0.9762,0.611,0.6534,0.4909
F подмена η=0.5,F,0.5,LogReg,1,20260802,0.323,0.9122,1.698,1.0,1.0,0.0993,0.9762,0.611,0.6534,0.4435
F подмена η=0.75,F,0.75,LogReg,1,20260802,0.323,0.9122,1.698,1.0,1.0,0.0496,0.9762,0.611,0.6534,0.373
F подмена η=1.0,F,1.0,LogReg,1,20260802,0.323,0.9122,1.698,1.0,1.0,0.004,0.9762,0.611,0.6534,0.1984
S доля=0.25,S,0.25,LogReg,1,20260802,0.3476,0.9139,1.694,1.0,1.0,1.0,0.9186,0.6652,0.6568,0.796
S доля=0.4,S,0.4,LogReg,1,20260802,0.3205,0.9155,1.699,1.0,1.0,0.4798,0.9645,0.6064,0.6509,0.6538
S доля=0.6,S,0.6,LogReg,1,20260802,0.3191,0.9172,1.699,1.0,1.0,0.2564,0.9636,0.6134,0.6509,0.5604
S доля=0.8,S,0.8,LogReg,1,20260802,0.315,0.9206,1.708,1.0,1.0,0.2044,0.9756,0.5988,0.6495,0.5277
C инверсия η=0.05,C,0.05,LogReg,1,20260802,0.306,0.9189,1.715,1.0,1.0,0.1792,0.9905,0.4927,0.6427,0.4869
C инверсия η=0.1,C,0.1,LogReg,1,20260802,0.3129,0.9139,2.01,1.0,1.0,0.1959,0.9864,0.4923,0.5417,0.4764
C инверсия η=0.2,C,0.2,LogReg,1,20260802,0.2554,0.9291,2.123,1.0,1.0,0.1808,0.9699,0.0972,0.5239,0.3074
C инверсия η=0.3,C,0.3,LogReg,1,20260802,0.2311,0.9172,2.338,1.0,1.0,0.2336,0.9823,0.0744,0.4842,0.3016
R сглаж. λ=0.1,R,0.1,LogReg,1,20260802,0.323,0.9122,1.698,1.0,1.0,0.3701,0.9762,0.611,0.6534,0.6163
R сглаж. λ=0.25,R,0.25,LogReg,1,20260802,0.323,0.9122,1.698,1.0,1.0,0.7384,0.9762,0.611,0.6534,0.7324
R сглаж. λ=0.5,R,0.5,LogReg,1,20260802,0.323,0.9122,1.698,1.0,1.0,1.0,0.9762,0.611,0.6534,0.7901
R сглаж. λ=0.75,R,0.75,LogReg,1,20260802,0.323,0.9122,1.698,1.0,1.0,1.0,0.9762,0.611,0.6534,0.7901
R сглаж. λ=0.9,R,0.9,LogReg,1,20260802,0.323,0.9122,1.698,1.0,1.0,1.0,0.9762,0.611,0.6534,0.7901
D невозможный АМГ,D,0.1,LogReg,1,20260802,0.3138,0.8226,1.623,0.0,1.0,0.1803,0.9762,0.7761,0.6906,0.0
D противоречие ИМТ,D,0.1,LogReg,1,20260802,0.3232,0.9054,1.654,0.0,1.0,0.2062,0.9712,0.6111,0.6754,0.0
D пропуск АМГ,D,0.2,LogReg,1,20260802,0.3239,0.9155,1.703,0.0,1.0,0.1986,0.9781,0.6027,0.6509,0.0
D ошибка единиц,D,0.1,LogReg,1,20260802,0.2971,0.8243,1.635,0.0,1.0,0.1794,0.981,0.7754,0.6841,0.0
M0 эталон,—,0.0,LogReg,0,20260803,0.323,0.9122,1.698,1.0,1.0,0.1987,0.9778,0.611,0.6534,0.5278
T утечка ρ=0.1,T,0.1,LogReg,1,20260803,0.3262,0.9139,1.632,1.0,0.0,0.2133,0.9642,0.6263,0.6864,0.0
T утечка ρ=0.3,T,0.3,LogReg,1,20260803,0.3534,0.9257,1.59,1.0,0.0,0.2168,0.9525,0.6254,0.7131,0.0
T утечка ρ=0.5,T,0.5,LogReg,1,20260803,0.5087,0.9206,1.443,1.0,0.0,0.174,0.9443,0.5916,0.781,0.0
T утечка ρ=0.7,T,0.7,LogReg,1,20260803,0.5732,0.9291,1.296,1.0,0.0,0.156,0.9588,0.5941,0.8522,0.0
T утечка ρ=0.9,T,0.9,LogReg,1,20260803,0.8626,0.9071,1.0,1.0,0.0,0.1047,0.9788,0.5632,1.0,0.0
F подмена η=0.1,F,0.1,LogReg,1,20260803,0.323,0.9122,1.698,1.0,1.0,0.1788,0.9778,0.611,0.6534,0.514
F подмена η=0.25,F,0.25,LogReg,1,20260803,0.323,0.9122,1.698,1.0,1.0,0.149,0.9778,0.611,0.6534,0.4911
F подмена η=0.5,F,0.5,LogReg,1,20260803,0.323,0.9122,1.698,1.0,1.0,0.0994,0.9778,0.611,0.6534,0.4438
F подмена η=0.75,F,0.75,LogReg,1,20260803,0.323,0.9122,1.698,1.0,1.0,0.0497,0.9778,0.611,0.6534,0.3732
F подмена η=1.0,F,1.0,LogReg,1,20260803,0.323,0.9122,1.698,1.0,1.0,0.004,0.9778,0.611,0.6534,0.1985
S доля=0.25,S,0.25,LogReg,1,20260803,0.3155,0.9139,1.698,1.0,1.0,0.4304,0.9531,0.5977,0.6546,0.633
S доля=0.4,S,0.4,LogReg,1,20260803,0.3152,0.9105,1.709,1.0,1.0,0.4979,0.9389,0.5991,0.6486,0.6528
S доля=0.6,S,0.6,LogReg,1,20260803,0.3035,0.9172,1.682,1.0,1.0,0.1746,0.9785,0.6131,0.6616,0.5131
S доля=0.8,S,0.8,LogReg,1,20260803,0.3159,0.9172,1.699,1.0,1.0,0.2247,0.9731,0.613,0.6509,0.5435
C инверсия η=0.05,C,0.05,LogReg,1,20260803,0.306,0.9189,1.715,1.0,1.0,0.1801,0.9829,0.4927,0.6427,0.4866
C инверсия η=0.1,C,0.1,LogReg,1,20260803,0.3129,0.9139,2.01,1.0,1.0,0.1969,0.9595,0.4923,0.5417,0.4738
C инверсия η=0.2,C,0.2,LogReg,1,20260803,0.2554,0.9291,2.123,1.0,1.0,0.1817,0.9718,0.0972,0.5239,0.3079
C инверсия η=0.3,C,0.3,LogReg,1,20260803,0.2311,0.9172,2.338,1.0,1.0,0.2293,0.9781,0.0744,0.4842,0.2999
R сглаж. λ=0.1,R,0.1,LogReg,1,20260803,0.323,0.9122,1.698,1.0,1.0,0.3731,0.9778,0.611,0.6534,0.6178
R сглаж. λ=0.25,R,0.25,LogReg,1,20260803,0.323,0.9122,1.698,1.0,1.0,0.7441,0.9778,0.611,0.6534,0.7342
R сглаж. λ=0.5,R,0.5,LogReg,1,20260803,0.323,0.9122,1.698,1.0,1.0,1.0,0.9778,0.611,0.6534,0.7905
R сглаж. λ=0.75,R,0.75,LogReg,1,20260803,0.323,0.9122,1.698,1.0,1.0,1.0,0.9778,0.611,0.6534,0.7905
R сглаж. λ=0.9,R,0.9,LogReg,1,20260803,0.323,0.9122,1.698,1.0,1.0,1.0,0.9778,0.611,0.6534,0.7905
D невозможный АМГ,D,0.1,LogReg,1,20260803,0.3239,0.8243,1.625,0.0,1.0,0.1794,0.9794,0.7762,0.6898,0.0
D противоречие ИМТ,D,0.1,LogReg,1,20260803,0.323,0.9003,1.635,0.0,1.0,0.2068,0.9607,0.611,0.6847,0.0
D пропуск АМГ,D,0.2,LogReg,1,20260803,0.317,0.9155,1.701,0.0,1.0,0.1985,0.9756,0.5986,0.6517,0.0
D ошибка единиц,D,0.1,LogReg,1,20260803,0.3513,0.8328,1.627,0.0,1.0,0.1774,0.9804,0.7756,0.6889,0.0
M0 эталон,—,0.0,LogReg,0,20260804,0.323,0.9122,1.698,1.0,1.0,0.1918,0.9785,0.611,0.6534,0.5232
T утечка ρ=0.1,T,0.1,LogReg,1,20260804,0.3222,0.9172,1.652,1.0,0.0,0.1885,0.9519,0.6354,0.6762,0.0
T утечка ρ=0.3,T,0.3,LogReg,1,20260804,0.3905,0.9307,1.581,1.0,0.0,0.1977,0.9528,0.6381,0.7179,0.0
T утечка ρ=0.5,T,0.5,LogReg,1,20260804,0.5311,0.9375,1.475,1.0,0.0,0.1643,0.9598,0.5982,0.7655,0.0
T утечка ρ=0.7,T,0.7,LogReg,1,20260804,0.696,0.9223,1.235,1.0,0.0,0.1613,0.9607,0.5596,0.8826,0.0
T утечка ρ=0.9,T,0.9,LogReg,1,20260804,0.8863,0.9071,1.0,1.0,0.0,0.0517,0.9778,0.5665,1.0,0.0
F подмена η=0.1,F,0.1,LogReg,1,20260804,0.323,0.9122,1.698,1.0,1.0,0.1726,0.9785,0.611,0.6534,0.5096
F подмена η=0.25,F,0.25,LogReg,1,20260804,0.323,0.9122,1.698,1.0,1.0,0.1438,0.9785,0.611,0.6534,0.4869
F подмена η=0.5,F,0.5,LogReg,1,20260804,0.323,0.9122,1.698,1.0,1.0,0.0959,0.9785,0.611,0.6534,0.4399
F подмена η=0.75,F,0.75,LogReg,1,20260804,0.323,0.9122,1.698,1.0,1.0,0.0479,0.9785,0.611,0.6534,0.37
F подмена η=1.0,F,1.0,LogReg,1,20260804,0.323,0.9122,1.698,1.0,1.0,0.0038,0.9785,0.611,0.6534,0.1968
S доля=0.25,S,0.25,LogReg,1,20260804,0.314,0.9071,1.681,1.0,1.0,0.6256,0.9322,0.629,0.6613,0.7018
S доля=0.4,S,0.4,LogReg,1,20260804,0.3033,0.9223,1.711,1.0,1.0,0.3071,0.9715,0.5699,0.6461,0.5757
S доля=0.6,S,0.6,LogReg,1,20260804,0.3036,0.9088,1.684,1.0,1.0,0.3324,0.9734,0.5713,0.6585,0.5907
S доля=0.8,S,0.8,LogReg,1,20260804,0.3206,0.9105,1.686,1.0,1.0,0.2326,0.9702,0.6176,0.6588,0.5505
C инверсия η=0.05,C,0.05,LogReg,1,20260804,0.306,0.9189,1.715,1.0,1.0,0.1739,0.9861,0.4927,0.6427,0.4827
C инверсия η=0.1,C,0.1,LogReg,1,20260804,0.3129,0.9139,2.01,1.0,1.0,0.1892,0.9759,0.4923,0.5417,0.4711
C инверсия η=0.2,C,0.2,LogReg,1,20260804,0.2554,0.9291,2.123,1.0,1.0,0.1762,0.9728,0.0972,0.5239,0.3056
C инверсия η=0.3,C,0.3,LogReg,1,20260804,0.2311,0.9172,2.338,1.0,1.0,0.226,0.9826,0.0744,0.4842,0.2991
R сглаж. λ=0.1,R,0.1,LogReg,1,20260804,0.323,0.9122,1.698,1.0,1.0,0.3683,0.9785,0.611,0.6534,0.6159
R сглаж. λ=0.25,R,0.25,LogReg,1,20260804,0.323,0.9122,1.698,1.0,1.0,0.7425,0.9785,0.611,0.6534,0.7339
R сглаж. λ=0.5,R,0.5,LogReg,1,20260804,0.323,0.9122,1.698,1.0,1.0,1.0,0.9785,0.611,0.6534,0.7906
R сглаж. λ=0.75,R,0.75,LogReg,1,20260804,0.323,0.9122,1.698,1.0,1.0,1.0,0.9785,0.611,0.6534,0.7906
R сглаж. λ=0.9,R,0.9,LogReg,1,20260804,0.323,0.9122,1.698,1.0,1.0,1.0,0.9785,0.611,0.6534,0.7906
D невозможный АМГ,D,0.1,LogReg,1,20260804,0.3159,0.8209,1.627,0.0,1.0,0.174,0.9797,0.7761,0.6889,0.0
D противоречие ИМТ,D,0.1,LogReg,1,20260804,0.3472,0.9071,1.652,0.0,1.0,0.1993,0.9772,0.6129,0.6762,0.0
D пропуск АМГ,D,0.2,LogReg,1,20260804,0.3237,0.9189,1.706,0.0,1.0,0.192,0.9797,0.6035,0.6492,0.0
D ошибка единиц,D,0.1,LogReg,1,20260804,0.3245,0.8243,1.63,0.0,1.0,0.1758,0.9785,0.7742,0.6872,0.0
M0 эталон,—,0.0,RandomForest,0,20260802,0.4011,0.8902,1.606,1.0,1.0,0.6368,0.7634,0.7366,0.7035,0.7084
T утечка ρ=0.1,T,0.1,RandomForest,1,20260802,0.3931,0.9223,1.662,1.0,0.0,0.4288,0.7834,0.7173,0.6779,0.0
T утечка ρ=0.3,T,0.3,RandomForest,1,20260802,0.4374,0.9155,1.613,1.0,0.0,0.3852,0.8496,0.7136,0.7052,0.0
T утечка ρ=0.5,T,0.5,RandomForest,1,20260802,0.4696,0.9189,1.493,1.0,0.0,0.3412,0.8534,0.6591,0.759,0.0
T утечка ρ=0.7,T,0.7,RandomForest,1,20260802,0.5351,0.9206,1.282,1.0,0.0,0.3123,0.9066,0.5915,0.859,0.0
T утечка ρ=0.9,T,0.9,RandomForest,1,20260802,0.889,0.9291,1.0,1.0,0.0,0.1646,0.9753,0.5542,1.0,0.0
F подмена η=0.1,F,0.1,RandomForest,1,20260802,0.4011,0.8902,1.606,1.0,1.0,0.5731,0.7634,0.7366,0.7035,0.69
F подмена η=0.25,F,0.25,RandomForest,1,20260802,0.4011,0.8902,1.606,1.0,1.0,0.4776,0.7634,0.7366,0.7035,0.6593
F подмена η=0.5,F,0.5,RandomForest,1,20260802,0.4011,0.8902,1.606,1.0,1.0,0.3184,0.7634,0.7366,0.7035,0.5957
F подмена η=0.75,F,0.75,RandomForest,1,20260802,0.4011,0.8902,1.606,1.0,1.0,0.1592,0.7634,0.7366,0.7035,0.5009
F подмена η=1.0,F,1.0,RandomForest,1,20260802,0.4011,0.8902,1.606,1.0,1.0,0.0127,0.7634,0.7366,0.7035,0.2664
S доля=0.25,S,0.25,RandomForest,1,20260802,0.3661,0.9139,1.676,1.0,1.0,0.4502,0.8024,0.7008,0.6762,0.6432
S доля=0.4,S,0.4,RandomForest,1,20260802,0.3989,0.9122,1.657,1.0,1.0,0.5332,0.8138,0.6839,0.6793,0.6701
S доля=0.6,S,0.6,RandomForest,1,20260802,0.3978,0.902,1.618,1.0,1.0,0.5451,0.7872,0.7083,0.7033,0.6799
S доля=0.8,S,0.8,RandomForest,1,20260802,0.3627,0.8818,1.623,1.0,1.0,0.6083,0.7707,0.7366,0.6979,0.7007
C инверсия η=0.05,C,0.05,RandomForest,1,20260802,0.3876,0.9071,1.812,1.0,1.0,0.646,0.7742,0.579,0.618,0.6504
C инверсия η=0.1,C,0.1,RandomForest,1,20260802,0.3803,0.8885,2.1,1.0,1.0,0.5686,0.8169,0.4373,0.5397,0.5754
C инверсия η=0.2,C,0.2,RandomForest,1,20260802,0.334,0.9223,2.497,1.0,1.0,0.4762,0.866,0.2247,0.4488,0.4516
C инверсия η=0.3,C,0.3,RandomForest,1,20260802,0.2879,0.8615,2.438,1.0,1.0,0.3309,0.899,0.0983,0.471,0.3426
R сглаж. λ=0.1,R,0.1,RandomForest,1,20260802,0.4011,0.8902,1.606,1.0,1.0,0.5359,0.7634,0.7366,0.7035,0.6786
R сглаж. λ=0.25,R,0.25,RandomForest,1,20260802,0.4011,0.8902,1.606,1.0,1.0,0.6463,0.7634,0.7366,0.7035,0.7111
R сглаж. λ=0.5,R,0.5,RandomForest,1,20260802,0.4011,0.8902,1.605,1.0,1.0,1.0,0.7634,0.7366,0.7044,0.7933
R сглаж. λ=0.75,R,0.75,RandomForest,1,20260802,0.4011,0.8902,1.606,1.0,1.0,1.0,0.7634,0.7366,0.7035,0.7931
R сглаж. λ=0.9,R,0.9,RandomForest,1,20260802,0.4011,0.8902,1.606,1.0,1.0,1.0,0.7634,0.7366,0.7035,0.7931
D невозможный АМГ,D,0.1,RandomForest,1,20260802,0.39,0.8953,1.699,0.0,1.0,0.611,0.7498,0.6758,0.6768,0.0
D противоречие ИМТ,D,0.1,RandomForest,1,20260802,0.4078,0.8953,1.622,0.0,1.0,0.6157,0.7628,0.725,0.6965,0.0
D пропуск АМГ,D,0.2,RandomForest,1,20260802,0.4119,0.902,1.667,0.0,1.0,0.6035,0.771,0.7218,0.6737,0.0
D ошибка единиц,D,0.1,RandomForest,1,20260802,0.3953,0.897,1.694,0.0,1.0,0.6128,0.7447,0.6734,0.6793,0.0
M0 эталон,—,0.0,RandomForest,0,20260803,0.3937,0.8801,1.608,1.0,1.0,0.6416,0.7669,0.7088,0.7061,0.7045
T утечка ρ=0.1,T,0.1,RandomForest,1,20260803,0.3406,0.9155,1.632,1.0,0.0,0.4422,0.8084,0.7059,0.6903,0.0
T утечка ρ=0.3,T,0.3,RandomForest,1,20260803,0.4313,0.902,1.622,1.0,0.0,0.3894,0.8515,0.6839,0.6999,0.0
T утечка ρ=0.5,T,0.5,RandomForest,1,20260803,0.4586,0.9054,1.48,1.0,0.0,0.3428,0.8667,0.675,0.7658,0.0
T утечка ρ=0.7,T,0.7,RandomForest,1,20260803,0.6238,0.9172,1.294,1.0,0.0,0.2957,0.9088,0.6251,0.8536,0.0
T утечка ρ=0.9,T,0.9,RandomForest,1,20260803,0.8173,0.9054,1.0,1.0,0.0,0.1892,0.9775,0.5684,1.0,0.0
F подмена η=0.1,F,0.1,RandomForest,1,20260803,0.3937,0.8801,1.608,1.0,1.0,0.5775,0.7669,0.7088,0.7061,0.6861
F подмена η=0.25,F,0.25,RandomForest,1,20260803,0.3937,0.8801,1.608,1.0,1.0,0.4812,0.7669,0.7088,0.7061,0.6556
F подмена η=0.5,F,0.5,RandomForest,1,20260803,0.3937,0.8801,1.608,1.0,1.0,0.3208,0.7669,0.7088,0.7061,0.5924
F подмена η=0.75,F,0.75,RandomForest,1,20260803,0.3937,0.8801,1.608,1.0,1.0,0.1604,0.7669,0.7088,0.7061,0.4981
F подмена η=1.0,F,1.0,RandomForest,1,20260803,0.3937,0.8801,1.608,1.0,1.0,0.0128,0.7669,0.7088,0.7061,0.2649
S доля=0.25,S,0.25,RandomForest,1,20260803,0.3356,0.8902,1.713,1.0,1.0,0.4839,0.81,0.654,0.656,0.6403
S доля=0.4,S,0.4,RandomForest,1,20260803,0.3869,0.9003,1.666,1.0,1.0,0.5188,0.7887,0.6933,0.6774,0.6621
S доля=0.6,S,0.6,RandomForest,1,20260803,0.399,0.9037,1.65,1.0,1.0,0.569,0.7846,0.7199,0.685,0.685
S доля=0.8,S,0.8,RandomForest,1,20260803,0.3347,0.8885,1.635,1.0,1.0,0.5979,0.7872,0.7132,0.6875,0.6931
C инверсия η=0.05,C,0.05,RandomForest,1,20260803,0.3905,0.9054,1.775,1.0,1.0,0.6514,0.7922,0.5837,0.632,0.6606
C инверсия η=0.1,C,0.1,RandomForest,1,20260803,0.3811,0.8919,2.078,1.0,1.0,0.5984,0.8188,0.4411,0.5445,0.5857
C инверсия η=0.2,C,0.2,RandomForest,1,20260803,0.334,0.9155,2.556,1.0,1.0,0.4925,0.8708,0.2275,0.4293,0.4524
C инверсия η=0.3,C,0.3,RandomForest,1,20260803,0.2865,1.0,3.0,1.0,1.0,0.3335,0.9161,0.0967,0.3333,0.315
R сглаж. λ=0.1,R,0.1,RandomForest,1,20260803,0.3937,0.8801,1.608,1.0,1.0,0.5431,0.7669,0.7088,0.7061,0.6757
R сглаж. λ=0.25,R,0.25,RandomForest,1,20260803,0.3937,0.8801,1.608,1.0,1.0,0.6487,0.7669,0.7088,0.7061,0.7064
R сглаж. λ=0.5,R,0.5,RandomForest,1,20260803,0.3937,0.8801,1.608,1.0,1.0,1.0,0.7669,0.7088,0.7061,0.7871
R сглаж. λ=0.75,R,0.75,RandomForest,1,20260803,0.3937,0.8801,1.608,1.0,1.0,1.0,0.7669,0.7088,0.7061,0.7871
R сглаж. λ=0.9,R,0.9,RandomForest,1,20260803,0.3937,0.8801,1.608,1.0,1.0,1.0,0.7669,0.7088,0.7061,0.7871
D невозможный АМГ,D,0.1,RandomForest,1,20260803,0.3964,0.8868,1.723,0.0,1.0,0.614,0.7438,0.6724,0.6712,0.0
D противоречие ИМТ,D,0.1,RandomForest,1,20260803,0.3935,0.8868,1.625,0.0,1.0,0.6237,0.7678,0.7008,0.6982,0.0
D пропуск АМГ,D,0.2,RandomForest,1,20260803,0.4054,0.897,1.655,0.0,1.0,0.5997,0.7802,0.7027,0.6785,0.0
D ошибка единиц,D,0.1,RandomForest,1,20260803,0.3865,0.8885,1.723,0.0,1.0,0.615,0.7431,0.6545,0.6717,0.0
M0 эталон,—,0.0,RandomForest,0,20260804,0.4065,0.8834,1.6,1.0,1.0,0.6293,0.7612,0.7262,0.7075,0.7044
T утечка ρ=0.1,T,0.1,RandomForest,1,20260804,0.3874,0.9257,1.65,1.0,0.0,0.4322,0.8173,0.7097,0.6838,0.0
T утечка ρ=0.3,T,0.3,RandomForest,1,20260804,0.3975,0.9172,1.588,1.0,0.0,0.3771,0.8249,0.6594,0.7106,0.0
T утечка ρ=0.5,T,0.5,RandomForest,1,20260804,0.5108,0.9206,1.458,1.0,0.0,0.3318,0.8641,0.648,0.7779,0.0
T утечка ρ=0.7,T,0.7,RandomForest,1,20260804,0.5876,0.8936,1.296,1.0,0.0,0.312,0.8942,0.6257,0.8528,0.0
T утечка ρ=0.9,T,0.9,RandomForest,1,20260804,0.8995,0.9088,1.0,1.0,0.0,0.1528,0.9816,0.5532,1.0,0.0
F подмена η=0.1,F,0.1,RandomForest,1,20260804,0.4065,0.8834,1.6,1.0,1.0,0.5664,0.7612,0.7262,0.7075,0.686
F подмена η=0.25,F,0.25,RandomForest,1,20260804,0.4065,0.8834,1.6,1.0,1.0,0.472,0.7612,0.7262,0.7075,0.6555
F подмена η=0.5,F,0.5,RandomForest,1,20260804,0.4065,0.8834,1.6,1.0,1.0,0.3147,0.7612,0.7262,0.7075,0.5923
F подмена η=0.75,F,0.75,RandomForest,1,20260804,0.4065,0.8834,1.6,1.0,1.0,0.1573,0.7612,0.7262,0.7075,0.4981
F подмена η=1.0,F,1.0,RandomForest,1,20260804,0.4065,0.8834,1.6,1.0,1.0,0.0126,0.7612,0.7262,0.7075,0.2649
S доля=0.25,S,0.25,RandomForest,1,20260804,0.3682,0.9139,1.696,1.0,1.0,0.4312,0.7881,0.6153,0.6599,0.6095
S доля=0.4,S,0.4,RandomForest,1,20260804,0.3851,0.902,1.698,1.0,1.0,0.5148,0.778,0.6366,0.6641,0.6415
S доля=0.6,S,0.6,RandomForest,1,20260804,0.3759,0.8784,1.637,1.0,1.0,0.5872,0.7739,0.7117,0.6883,0.6869
S доля=0.8,S,0.8,RandomForest,1,20260804,0.3682,0.8885,1.61,1.0,1.0,0.6033,0.7723,0.7155,0.703,0.6958
C инверсия η=0.05,C,0.05,RandomForest,1,20260804,0.3868,0.9105,1.799,1.0,1.0,0.6206,0.7764,0.5762,0.6185,0.6437
C инверсия η=0.1,C,0.1,RandomForest,1,20260804,0.3723,0.8919,2.041,1.0,1.0,0.5611,0.8077,0.4348,0.5507,0.574
C инверсия η=0.2,C,0.2,RandomForest,1,20260804,0.3376,0.9274,2.524,1.0,1.0,0.4395,0.8578,0.2272,0.4352,0.4394
C инверсия η=0.3,C,0.3,RandomForest,1,20260804,0.2744,1.0,3.0,1.0,1.0,0.3168,0.9062,0.0987,0.3333,0.3118
R сглаж. λ=0.1,R,0.1,RandomForest,1,20260804,0.4065,0.8834,1.6,1.0,1.0,0.5383,0.7612,0.7262,0.7075,0.6774
R сглаж. λ=0.25,R,0.25,RandomForest,1,20260804,0.4065,0.8834,1.6,1.0,1.0,0.6546,0.7612,0.7262,0.7075,0.7113
R сглаж. λ=0.5,R,0.5,RandomForest,1,20260804,0.4065,0.8834,1.6,1.0,1.0,1.0,0.7612,0.7262,0.7075,0.7908
R сглаж. λ=0.75,R,0.75,RandomForest,1,20260804,0.4065,0.8834,1.6,1.0,1.0,1.0,0.7612,0.7262,0.7075,0.7908
R сглаж. λ=0.9,R,0.9,RandomForest,1,20260804,0.4065,0.8834,1.6,1.0,1.0,1.0,0.7612,0.7262,0.7075,0.7908
D невозможный АМГ,D,0.1,RandomForest,1,20260804,0.3877,0.897,1.699,0.0,1.0,0.6016,0.7381,0.668,0.6768,0.0
D противоречие ИМТ,D,0.1,RandomForest,1,20260804,0.4119,0.8919,1.618,0.0,1.0,0.6093,0.7707,0.7116,0.6988,0.0
D пропуск АМГ,D,0.2,RandomForest,1,20260804,0.4083,0.8902,1.654,0.0,1.0,0.5883,0.7713,0.7273,0.6793,0.0
D ошибка единиц,D,0.1,RandomForest,1,20260804,0.3998,0.897,1.704,0.0,1.0,0.6002,0.7349,0.6803,0.6771,0.0
M0 эталон,—,0.0,HistGB,0,20260802,0.3951,0.8986,1.66,1.0,1.0,0.7955,0.753,0.7457,0.6782,0.7419
T утечка ρ=0.1,T,0.1,HistGB,1,20260802,0.3826,0.9071,1.666,1.0,0.0,0.6484,0.7365,0.7202,0.6807,0.0
T утечка ρ=0.3,T,0.3,HistGB,1,20260802,0.4223,0.9037,1.639,1.0,0.0,0.5431,0.7957,0.6776,0.6903,0.0
T утечка ρ=0.5,T,0.5,HistGB,1,20260802,0.4664,0.9139,1.541,1.0,0.0,0.5547,0.8036,0.6451,0.7376,0.0
T утечка ρ=0.7,T,0.7,HistGB,1,20260802,0.5783,0.8885,1.289,1.0,0.0,0.3771,0.8644,0.6331,0.8556,0.0
T утечка ρ=0.9,T,0.9,HistGB,1,20260802,0.815,0.9139,1.0,1.0,0.0,0.0962,0.9677,0.5572,1.0,0.0
F подмена η=0.1,F,0.1,HistGB,1,20260802,0.3951,0.8986,1.66,1.0,1.0,0.716,0.753,0.7457,0.6782,0.7226
F подмена η=0.25,F,0.25,HistGB,1,20260802,0.3951,0.8986,1.66,1.0,1.0,0.5966,0.753,0.7457,0.6782,0.6904
F подмена η=0.5,F,0.5,HistGB,1,20260802,0.3951,0.8986,1.66,1.0,1.0,0.3978,0.753,0.7457,0.6782,0.6239
F подмена η=0.75,F,0.75,HistGB,1,20260802,0.3951,0.8986,1.66,1.0,1.0,0.1989,0.753,0.7457,0.6782,0.5246
F подмена η=1.0,F,1.0,HistGB,1,20260802,0.3951,0.8986,1.66,1.0,1.0,0.0159,0.753,0.7457,0.6782,0.279
S доля=0.25,S,0.25,HistGB,1,20260802,0.3625,0.9155,1.738,1.0,1.0,0.7351,0.7811,0.6804,0.6444,0.7083
S доля=0.4,S,0.4,HistGB,1,20260802,0.3703,0.9003,1.681,1.0,1.0,0.7811,0.7732,0.7226,0.6782,0.7376
S доля=0.6,S,0.6,HistGB,1,20260802,0.3941,0.9189,1.716,1.0,1.0,0.7605,0.7625,0.7096,0.6571,0.7211
S доля=0.8,S,0.8,HistGB,1,20260802,0.409,0.902,1.664,1.0,1.0,0.8117,0.7444,0.7099,0.681,0.7352
C инверсия η=0.05,C,0.05,HistGB,1,20260802,0.3791,0.8919,1.841,1.0,1.0,0.7604,0.7732,0.6027,0.6002,0.6791
C инверсия η=0.1,C,0.1,HistGB,1,20260802,0.3595,0.902,2.439,1.0,1.0,0.6729,0.7957,0.44,0.4668,0.5758
C инверсия η=0.2,C,0.2,HistGB,1,20260802,0.3232,0.9155,2.497,1.0,1.0,0.5285,0.8442,0.2253,0.4409,0.4588
C инверсия η=0.3,C,0.3,HistGB,1,20260802,0.2884,0.8902,2.407,1.0,1.0,0.3398,0.8977,0.0937,0.4738,0.3412
R сглаж. λ=0.1,R,0.1,HistGB,1,20260802,0.3951,0.8986,1.66,1.0,1.0,0.8924,0.753,0.7457,0.6782,0.7635
R сглаж. λ=0.25,R,0.25,HistGB,1,20260802,0.3951,0.8986,1.66,1.0,1.0,1.0,0.753,0.7457,0.6782,0.7856
R сглаж. λ=0.5,R,0.5,HistGB,1,20260802,0.3951,0.8986,1.66,1.0,1.0,1.0,0.753,0.7457,0.6782,0.7856
R сглаж. λ=0.75,R,0.75,HistGB,1,20260802,0.3951,0.8986,1.66,1.0,1.0,1.0,0.753,0.7457,0.6782,0.7856
R сглаж. λ=0.9,R,0.9,HistGB,1,20260802,0.3951,0.8986,1.66,1.0,1.0,1.0,0.753,0.7457,0.6782,0.7856
D невозможный АМГ,D,0.1,HistGB,1,20260802,0.4021,0.9037,1.686,0.0,1.0,0.7794,0.7501,0.6597,0.6712,0.0
D противоречие ИМТ,D,0.1,HistGB,1,20260802,0.3935,0.9037,1.667,0.0,1.0,0.7737,0.7571,0.7446,0.6737,0.0
D пропуск АМГ,D,0.2,HistGB,1,20260802,0.3922,0.9071,1.694,0.0,1.0,0.8032,0.7485,0.7472,0.6602,0.0
D ошибка единиц,D,0.1,HistGB,1,20260802,0.397,0.902,1.684,0.0,1.0,0.7984,0.7324,0.6941,0.6726,0.0
M0 эталон,—,0.0,HistGB,0,20260803,0.3951,0.8986,1.66,1.0,1.0,0.7951,0.7317,0.7457,0.6782,0.7365
T утечка ρ=0.1,T,0.1,HistGB,1,20260803,0.4034,0.9071,1.72,1.0,0.0,0.6637,0.7406,0.6993,0.6565,0.0
T утечка ρ=0.3,T,0.3,HistGB,1,20260803,0.4768,0.9172,1.603,1.0,0.0,0.5576,0.7656,0.6621,0.7064,0.0
T утечка ρ=0.5,T,0.5,HistGB,1,20260803,0.4833,0.9274,1.532,1.0,0.0,0.5421,0.7868,0.6441,0.7435,0.0
T утечка ρ=0.7,T,0.7,HistGB,1,20260803,0.6098,0.9071,1.328,1.0,0.0,0.3821,0.8461,0.6067,0.8373,0.0
T утечка ρ=0.9,T,0.9,HistGB,1,20260803,0.8699,0.9088,1.0,1.0,0.0,0.1332,0.9481,0.5925,1.0,0.0
F подмена η=0.1,F,0.1,HistGB,1,20260803,0.3951,0.8986,1.66,1.0,1.0,0.7156,0.7317,0.7457,0.6782,0.7174
F подмена η=0.25,F,0.25,HistGB,1,20260803,0.3951,0.8986,1.66,1.0,1.0,0.5963,0.7317,0.7457,0.6782,0.6854
F подмена η=0.5,F,0.5,HistGB,1,20260803,0.3951,0.8986,1.66,1.0,1.0,0.3975,0.7317,0.7457,0.6782,0.6193
F подмена η=0.75,F,0.75,HistGB,1,20260803,0.3951,0.8986,1.66,1.0,1.0,0.1988,0.7317,0.7457,0.6782,0.5208
F подмена η=1.0,F,1.0,HistGB,1,20260803,0.3951,0.8986,1.66,1.0,1.0,0.0159,0.7317,0.7457,0.6782,0.277
S доля=0.25,S,0.25,HistGB,1,20260803,0.3333,0.9206,1.753,1.0,1.0,0.8593,0.713,0.7125,0.6458,0.7287
S доля=0.4,S,0.4,HistGB,1,20260803,0.3841,0.9139,1.748,1.0,1.0,0.8671,0.7241,0.6394,0.6461,0.7136
S доля=0.6,S,0.6,HistGB,1,20260803,0.4061,0.897,1.699,1.0,1.0,0.8572,0.726,0.7226,0.6639,0.7392
S доля=0.8,S,0.8,HistGB,1,20260803,0.4047,0.9054,1.701,1.0,1.0,0.8106,0.7286,0.7258,0.6624,0.73
C инверсия η=0.05,C,0.05,HistGB,1,20260803,0.3791,0.8919,1.841,1.0,1.0,0.7588,0.7631,0.6027,0.6002,0.6765
C инверсия η=0.1,C,0.1,HistGB,1,20260803,0.3595,0.902,2.439,1.0,1.0,0.673,0.8049,0.44,0.4668,0.5775
C инверсия η=0.2,C,0.2,HistGB,1,20260803,0.3232,0.9155,2.497,1.0,1.0,0.5268,0.8445,0.2253,0.4409,0.4585
C инверсия η=0.3,C,0.3,HistGB,1,20260803,0.2884,0.8902,2.407,1.0,1.0,0.3481,0.9024,0.0937,0.4738,0.3437
R сглаж. λ=0.1,R,0.1,HistGB,1,20260803,0.3951,0.8986,1.66,1.0,1.0,0.8885,0.7317,0.7457,0.6782,0.7572
R сглаж. λ=0.25,R,0.25,HistGB,1,20260803,0.3951,0.8986,1.66,1.0,1.0,1.0,0.7317,0.7457,0.6782,0.78
R сглаж. λ=0.5,R,0.5,HistGB,1,20260803,0.3951,0.8986,1.66,1.0,1.0,1.0,0.7317,0.7457,0.6782,0.78
R сглаж. λ=0.75,R,0.75,HistGB,1,20260803,0.3951,0.8986,1.66,1.0,1.0,1.0,0.7317,0.7457,0.6782,0.78
R сглаж. λ=0.9,R,0.9,HistGB,1,20260803,0.3951,0.8986,1.66,1.0,1.0,1.0,0.7317,0.7457,0.6782,0.78
D невозможный АМГ,D,0.1,HistGB,1,20260803,0.3878,0.897,1.689,0.0,1.0,0.7753,0.7355,0.6787,0.6695,0.0
D противоречие ИМТ,D,0.1,HistGB,1,20260803,0.3889,0.902,1.666,0.0,1.0,0.7744,0.7317,0.7309,0.6751,0.0
D пропуск АМГ,D,0.2,HistGB,1,20260803,0.3857,0.8986,1.689,0.0,1.0,0.8017,0.7197,0.7306,0.6644,0.0
D ошибка единиц,D,0.1,HistGB,1,20260803,0.389,0.9003,1.682,0.0,1.0,0.7868,0.7286,0.6669,0.6757,0.0
M0 эталон,—,0.0,HistGB,0,20260804,0.3951,0.8986,1.66,1.0,1.0,0.78,0.7222,0.7457,0.6782,0.7306
T утечка ρ=0.1,T,0.1,HistGB,1,20260804,0.389,0.9189,1.704,1.0,0.0,0.6381,0.7159,0.7313,0.6579,0.0
T утечка ρ=0.3,T,0.3,HistGB,1,20260804,0.4307,0.9071,1.598,1.0,0.0,0.5778,0.7872,0.668,0.7117,0.0
T утечка ρ=0.5,T,0.5,HistGB,1,20260804,0.5003,0.9172,1.546,1.0,0.0,0.5448,0.7954,0.655,0.734,0.0
T утечка ρ=0.7,T,0.7,HistGB,1,20260804,0.5979,0.9122,1.318,1.0,0.0,0.3886,0.8461,0.6299,0.8423,0.0
T утечка ρ=0.9,T,0.9,HistGB,1,20260804,0.8557,0.9105,1.0,1.0,0.0,0.0992,0.9588,0.5623,1.0,0.0
F подмена η=0.1,F,0.1,HistGB,1,20260804,0.3951,0.8986,1.66,1.0,1.0,0.702,0.7222,0.7457,0.6782,0.7116
F подмена η=0.25,F,0.25,HistGB,1,20260804,0.3951,0.8986,1.66,1.0,1.0,0.585,0.7222,0.7457,0.6782,0.6799
F подмена η=0.5,F,0.5,HistGB,1,20260804,0.3951,0.8986,1.66,1.0,1.0,0.39,0.7222,0.7457,0.6782,0.6143
F подмена η=0.75,F,0.75,HistGB,1,20260804,0.3951,0.8986,1.66,1.0,1.0,0.195,0.7222,0.7457,0.6782,0.5166
F подмена η=1.0,F,1.0,HistGB,1,20260804,0.3951,0.8986,1.66,1.0,1.0,0.0156,0.7222,0.7457,0.6782,0.2747
S доля=0.25,S,0.25,HistGB,1,20260804,0.38,0.9071,1.703,1.0,1.0,0.7089,0.7564,0.6963,0.6672,0.7065
S доля=0.4,S,0.4,HistGB,1,20260804,0.3281,0.902,1.715,1.0,1.0,0.8731,0.7238,0.7092,0.6512,0.735
S доля=0.6,S,0.6,HistGB,1,20260804,0.4102,0.9003,1.736,1.0,1.0,0.8244,0.726,0.7216,0.643,0.7259
S доля=0.8,S,0.8,HistGB,1,20260804,0.3559,0.9122,1.686,1.0,1.0,0.8047,0.7336,0.7215,0.6661,0.7298
C инверсия η=0.05,C,0.05,HistGB,1,20260804,0.3791,0.8919,1.841,1.0,1.0,0.7633,0.7526,0.6027,0.6002,0.6752
C инверсия η=0.1,C,0.1,HistGB,1,20260804,0.3595,0.902,2.439,1.0,1.0,0.6753,0.7837,0.44,0.4668,0.5742
C инверсия η=0.2,C,0.2,HistGB,1,20260804,0.3232,0.9155,2.497,1.0,1.0,0.5258,0.8271,0.2253,0.4409,0.4559
C инверсия η=0.3,C,0.3,HistGB,1,20260804,0.2884,0.8902,2.407,1.0,1.0,0.3433,0.8917,0.0937,0.4738,0.3415
R сглаж. λ=0.1,R,0.1,HistGB,1,20260804,0.3951,0.8986,1.66,1.0,1.0,0.8698,0.7222,0.7457,0.6782,0.7508
R сглаж. λ=0.25,R,0.25,HistGB,1,20260804,0.3951,0.8986,1.66,1.0,1.0,1.0,0.7222,0.7457,0.6782,0.7774
R сглаж. λ=0.5,R,0.5,HistGB,1,20260804,0.3951,0.8986,1.66,1.0,1.0,1.0,0.7222,0.7457,0.6782,0.7774
R сглаж. λ=0.75,R,0.75,HistGB,1,20260804,0.3951,0.8986,1.66,1.0,1.0,1.0,0.7222,0.7457,0.6782,0.7774
R сглаж. λ=0.9,R,0.9,HistGB,1,20260804,0.3951,0.8986,1.66,1.0,1.0,1.0,0.7222,0.7457,0.6782,0.7774
D невозможный АМГ,D,0.1,HistGB,1,20260804,0.3915,0.9054,1.681,0.0,1.0,0.7772,0.7188,0.6707,0.6709,0.0
D противоречие ИМТ,D,0.1,HistGB,1,20260804,0.3995,0.9037,1.667,0.0,1.0,0.7725,0.726,0.7398,0.6743,0.0
D пропуск АМГ,D,0.2,HistGB,1,20260804,0.4024,0.8986,1.698,0.0,1.0,0.7986,0.7172,0.7247,0.6596,0.0
D ошибка единиц,D,0.1,HistGB,1,20260804,0.3891,0.8986,1.684,0.0,1.0,0.7728,0.7175,0.6515,0.672,0.0
M0 эталон,—,0.0,XGBoost,0,20260802,0.3875,0.9037,1.694,1.0,1.0,0.7026,0.7355,0.7383,0.6647,0.7096
T утечка ρ=0.1,T,0.1,XGBoost,1,20260802,0.4215,0.9172,1.674,1.0,0.0,0.5493,0.7469,0.7199,0.6737,0.0
T утечка ρ=0.3,T,0.3,XGBoost,1,20260802,0.4156,0.9155,1.627,1.0,0.0,0.5397,0.7463,0.6758,0.7007,0.0
T утечка ρ=0.5,T,0.5,XGBoost,1,20260802,0.478,0.902,1.475,1.0,0.0,0.4317,0.8173,0.6576,0.7689,0.0
T утечка ρ=0.7,T,0.7,XGBoost,1,20260802,0.5716,0.9122,1.345,1.0,0.0,0.3849,0.8397,0.6412,0.8294,0.0
T утечка ρ=0.9,T,0.9,XGBoost,1,20260802,0.8286,0.9037,1.0,1.0,0.0,0.1203,0.9582,0.584,1.0,0.0
F подмена η=0.1,F,0.1,XGBoost,1,20260802,0.3875,0.9037,1.694,1.0,1.0,0.6323,0.7355,0.7383,0.6647,0.6912
F подмена η=0.25,F,0.25,XGBoost,1,20260802,0.3875,0.9037,1.694,1.0,1.0,0.5269,0.7355,0.7383,0.6647,0.6604
F подмена η=0.5,F,0.5,XGBoost,1,20260802,0.3875,0.9037,1.694,1.0,1.0,0.3513,0.7355,0.7383,0.6647,0.5967
F подмена η=0.75,F,0.75,XGBoost,1,20260802,0.3875,0.9037,1.694,1.0,1.0,0.1756,0.7355,0.7383,0.6647,0.5018
F подмена η=1.0,F,1.0,XGBoost,1,20260802,0.3875,0.9037,1.694,1.0,1.0,0.0141,0.7355,0.7383,0.6647,0.2669
S доля=0.25,S,0.25,XGBoost,1,20260802,0.3351,0.9122,1.831,1.0,1.0,0.8251,0.7178,0.6669,0.6194,0.7033
S доля=0.4,S,0.4,XGBoost,1,20260802,0.3287,0.9172,1.747,1.0,1.0,0.6891,0.7688,0.6953,0.6498,0.6995
S доля=0.6,S,0.6,XGBoost,1,20260802,0.4014,0.8986,1.752,1.0,1.0,0.7849,0.7488,0.6818,0.6467,0.7135
S доля=0.8,S,0.8,XGBoost,1,20260802,0.3841,0.9071,1.703,1.0,1.0,0.7426,0.7229,0.7211,0.661,0.7112
C инверсия η=0.05,C,0.05,XGBoost,1,20260802,0.3737,0.9071,1.929,1.0,1.0,0.6817,0.7349,0.6159,0.5805,0.6505
C инверсия η=0.1,C,0.1,XGBoost,1,20260802,0.3551,0.9122,2.365,1.0,1.0,0.5956,0.797,0.4452,0.4809,0.5646
C инверсия η=0.2,C,0.2,XGBoost,1,20260802,0.326,0.9139,2.556,1.0,1.0,0.4803,0.8258,0.2348,0.4372,0.4492
C инверсия η=0.3,C,0.3,XGBoost,1,20260802,0.2907,0.897,2.495,1.0,1.0,0.3343,0.8784,0.0994,0.4575,0.34
R сглаж. λ=0.1,R,0.1,XGBoost,1,20260802,0.3875,0.9037,1.694,1.0,1.0,0.7732,0.7355,0.7383,0.6647,0.7268
R сглаж. λ=0.25,R,0.25,XGBoost,1,20260802,0.3875,0.9037,1.694,1.0,1.0,1.0,0.7355,0.7383,0.6647,0.7751
R сглаж. λ=0.5,R,0.5,XGBoost,1,20260802,0.3875,0.9037,1.694,1.0,1.0,1.0,0.7355,0.7383,0.6647,0.7751
R сглаж. λ=0.75,R,0.75,XGBoost,1,20260802,0.3875,0.9037,1.694,1.0,1.0,1.0,0.7355,0.7383,0.6647,0.7751
R сглаж. λ=0.9,R,0.9,XGBoost,1,20260802,0.3875,0.9037,1.694,1.0,1.0,1.0,0.7355,0.7383,0.6647,0.7751
D невозможный АМГ,D,0.1,XGBoost,1,20260802,0.3802,0.9054,1.733,0.0,1.0,0.7308,0.7118,0.7008,0.6526,0.0
D противоречие ИМТ,D,0.1,XGBoost,1,20260802,0.3897,0.902,1.676,0.0,1.0,0.7103,0.7435,0.7316,0.6729,0.0
D пропуск АМГ,D,0.2,XGBoost,1,20260802,0.3969,0.9088,1.703,0.0,1.0,0.6987,0.7403,0.7183,0.6582,0.0
D ошибка единиц,D,0.1,XGBoost,1,20260802,0.3739,0.897,1.713,0.0,1.0,0.7347,0.7092,0.6859,0.6582,0.0
M0 эталон,—,0.0,XGBoost,0,20260803,0.3875,0.9037,1.694,1.0,1.0,0.7108,0.7248,0.7383,0.6647,0.7091
T утечка ρ=0.1,T,0.1,XGBoost,1,20260803,0.3773,0.9206,1.696,1.0,0.0,0.6119,0.7393,0.7001,0.6655,0.0
T утечка ρ=0.3,T,0.3,XGBoost,1,20260803,0.4406,0.9257,1.63,1.0,0.0,0.5437,0.7631,0.6572,0.6974,0.0
T утечка ρ=0.5,T,0.5,XGBoost,1,20260803,0.5449,0.924,1.539,1.0,0.0,0.4838,0.7862,0.6416,0.7373,0.0
T утечка ρ=0.7,T,0.7,XGBoost,1,20260803,0.5918,0.9105,1.355,1.0,0.0,0.3638,0.8499,0.6576,0.8232,0.0
T утечка ρ=0.9,T,0.9,XGBoost,1,20260803,0.8675,0.9071,1.0,1.0,0.0,0.1253,0.9544,0.5733,1.0,0.0
F подмена η=0.1,F,0.1,XGBoost,1,20260803,0.3875,0.9037,1.694,1.0,1.0,0.6398,0.7248,0.7383,0.6647,0.6907
F подмена η=0.25,F,0.25,XGBoost,1,20260803,0.3875,0.9037,1.694,1.0,1.0,0.5331,0.7248,0.7383,0.6647,0.6599
F подмена η=0.5,F,0.5,XGBoost,1,20260803,0.3875,0.9037,1.694,1.0,1.0,0.3554,0.7248,0.7383,0.6647,0.5963
F подмена η=0.75,F,0.75,XGBoost,1,20260803,0.3875,0.9037,1.694,1.0,1.0,0.1777,0.7248,0.7383,0.6647,0.5014
F подмена η=1.0,F,1.0,XGBoost,1,20260803,0.3875,0.9037,1.694,1.0,1.0,0.0142,0.7248,0.7383,0.6647,0.2667
S доля=0.25,S,0.25,XGBoost,1,20260803,0.3661,0.9139,1.784,1.0,1.0,0.7911,0.7701,0.7107,0.6503,0.7285
S доля=0.4,S,0.4,XGBoost,1,20260803,0.3626,0.9122,1.725,1.0,1.0,0.7693,0.7321,0.7004,0.6568,0.7134
S доля=0.6,S,0.6,XGBoost,1,20260803,0.3883,0.9139,1.713,1.0,1.0,0.7734,0.7517,0.7015,0.6712,0.7233
S доля=0.8,S,0.8,XGBoost,1,20260803,0.4125,0.8953,1.699,1.0,1.0,0.7809,0.7378,0.7259,0.665,0.7262
C инверсия η=0.05,C,0.05,XGBoost,1,20260803,0.3737,0.9071,1.929,1.0,1.0,0.6819,0.7311,0.6159,0.5805,0.6498
C инверсия η=0.1,C,0.1,XGBoost,1,20260803,0.3551,0.9122,2.365,1.0,1.0,0.5953,0.7948,0.4452,0.4809,0.5641
C инверсия η=0.2,C,0.2,XGBoost,1,20260803,0.326,0.9139,2.556,1.0,1.0,0.5023,0.8385,0.2348,0.4372,0.456
C инверсия η=0.3,C,0.3,XGBoost,1,20260803,0.2907,0.897,2.495,1.0,1.0,0.3527,0.8796,0.0994,0.4575,0.3447
R сглаж. λ=0.1,R,0.1,XGBoost,1,20260803,0.3875,0.9037,1.694,1.0,1.0,0.783,0.7248,0.7383,0.6647,0.7265
R сглаж. λ=0.25,R,0.25,XGBoost,1,20260803,0.3875,0.9037,1.694,1.0,1.0,1.0,0.7248,0.7383,0.6647,0.7723
R сглаж. λ=0.5,R,0.5,XGBoost,1,20260803,0.3875,0.9037,1.694,1.0,1.0,1.0,0.7248,0.7383,0.6647,0.7723
R сглаж. λ=0.75,R,0.75,XGBoost,1,20260803,0.3875,0.9037,1.694,1.0,1.0,1.0,0.7248,0.7383,0.6647,0.7723
R сглаж. λ=0.9,R,0.9,XGBoost,1,20260803,0.3875,0.9037,1.694,1.0,1.0,1.0,0.7248,0.7383,0.6647,0.7723
D невозможный АМГ,D,0.1,XGBoost,1,20260803,0.367,0.8868,1.726,0.0,1.0,0.7225,0.7048,0.7116,0.6526,0.0
D противоречие ИМТ,D,0.1,XGBoost,1,20260803,0.397,0.9071,1.681,0.0,1.0,0.7112,0.7276,0.7248,0.672,0.0
D пропуск АМГ,D,0.2,XGBoost,1,20260803,0.3821,0.9105,1.72,0.0,1.0,0.7198,0.7102,0.7234,0.6515,0.0
D ошибка единиц,D,0.1,XGBoost,1,20260803,0.3608,0.8986,1.718,0.0,1.0,0.7444,0.6991,0.715,0.6546,0.0
M0 эталон,—,0.0,XGBoost,0,20260804,0.3875,0.9037,1.694,1.0,1.0,0.6997,0.7327,0.7383,0.6647,0.7082
T утечка ρ=0.1,T,0.1,XGBoost,1,20260804,0.3667,0.9223,1.704,1.0,0.0,0.586,0.7365,0.7025,0.6641,0.0
T утечка ρ=0.3,T,0.3,XGBoost,1,20260804,0.475,0.9172,1.593,1.0,0.0,0.4925,0.764,0.6968,0.7142,0.0
T утечка ρ=0.5,T,0.5,XGBoost,1,20260804,0.4239,0.9003,1.51,1.0,0.0,0.4625,0.8119,0.6452,0.75,0.0
T утечка ρ=0.7,T,0.7,XGBoost,1,20260804,0.5531,0.8936,1.301,1.0,0.0,0.3845,0.853,0.6246,0.8514,0.0
T утечка ρ=0.9,T,0.9,XGBoost,1,20260804,0.8926,0.9105,1.0,1.0,0.0,0.1109,0.9595,0.5732,1.0,0.0
F подмена η=0.1,F,0.1,XGBoost,1,20260804,0.3875,0.9037,1.694,1.0,1.0,0.6297,0.7327,0.7383,0.6647,0.6898
F подмена η=0.25,F,0.25,XGBoost,1,20260804,0.3875,0.9037,1.694,1.0,1.0,0.5248,0.7327,0.7383,0.6647,0.6591
F подмена η=0.5,F,0.5,XGBoost,1,20260804,0.3875,0.9037,1.694,1.0,1.0,0.3498,0.7327,0.7383,0.6647,0.5955
F подмена η=0.75,F,0.75,XGBoost,1,20260804,0.3875,0.9037,1.694,1.0,1.0,0.1749,0.7327,0.7383,0.6647,0.5008
F подмена η=1.0,F,1.0,XGBoost,1,20260804,0.3875,0.9037,1.694,1.0,1.0,0.014,0.7327,0.7383,0.6647,0.2663
S доля=0.25,S,0.25,XGBoost,1,20260804,0.3845,0.9105,1.769,1.0,1.0,0.7225,0.74,0.6465,0.6517,0.6889
S доля=0.4,S,0.4,XGBoost,1,20260804,0.3777,0.9172,1.802,1.0,1.0,0.8804,0.7023,0.7043,0.627,0.7228
S доля=0.6,S,0.6,XGBoost,1,20260804,0.3571,0.8919,1.731,1.0,1.0,0.7207,0.7194,0.694,0.6574,0.6974
S доля=0.8,S,0.8,XGBoost,1,20260804,0.3467,0.9155,1.731,1.0,1.0,0.7043,0.7336,0.711,0.6484,0.6986
C инверсия η=0.05,C,0.05,XGBoost,1,20260804,0.3737,0.9071,1.929,1.0,1.0,0.6653,0.7387,0.6159,0.5805,0.6474
C инверсия η=0.1,C,0.1,XGBoost,1,20260804,0.3551,0.9122,2.365,1.0,1.0,0.5856,0.7913,0.4452,0.4809,0.5612
C инверсия η=0.2,C,0.2,XGBoost,1,20260804,0.326,0.9139,2.556,1.0,1.0,0.4836,0.822,0.2348,0.4372,0.4495
C инверсия η=0.3,C,0.3,XGBoost,1,20260804,0.2907,0.897,2.495,1.0,1.0,0.3305,0.8749,0.0994,0.4575,0.3387
R сглаж. λ=0.1,R,0.1,XGBoost,1,20260804,0.3875,0.9037,1.694,1.0,1.0,0.7719,0.7327,0.7383,0.6647,0.7258
R сглаж. λ=0.25,R,0.25,XGBoost,1,20260804,0.3875,0.9037,1.694,1.0,1.0,1.0,0.7327,0.7383,0.6647,0.7744
R сглаж. λ=0.5,R,0.5,XGBoost,1,20260804,0.3875,0.9037,1.694,1.0,1.0,1.0,0.7327,0.7383,0.6647,0.7744
R сглаж. λ=0.75,R,0.75,XGBoost,1,20260804,0.3875,0.9037,1.694,1.0,1.0,1.0,0.7327,0.7383,0.6647,0.7744
R сглаж. λ=0.9,R,0.9,XGBoost,1,20260804,0.3875,0.9037,1.694,1.0,1.0,1.0,0.7327,0.7383,0.6647,0.7744
D невозможный АМГ,D,0.1,XGBoost,1,20260804,0.3738,0.9071,1.73,0.0,1.0,0.7314,0.7165,0.6883,0.652,0.0
D противоречие ИМТ,D,0.1,XGBoost,1,20260804,0.3905,0.8986,1.672,0.0,1.0,0.6955,0.739,0.7349,0.6762,0.0
D пропуск АМГ,D,0.2,XGBoost,1,20260804,0.3964,0.9139,1.718,0.0,1.0,0.7008,0.7222,0.7208,0.6501,0.0
D ошибка единиц,D,0.1,XGBoost,1,20260804,0.3752,0.897,1.725,0.0,1.0,0.7339,0.7067,0.6954,0.6534,0.0
