column,y2023,y2024,y2025,in_all_years,timing,a_j,rationale
"Крайнон 8% гель ваг. 90мг/доза, 1 апплик. 1,125г  (прогестерон)",,,✓,,after_stimulation,0,известно только после начала стимуляции (утечка для прогноза до неё)
ЛГ  триггер,✓,✓,✓,✓,after_stimulation,0,известно только после начала стимуляции (утечка для прогноза до неё)
ЛГ старт,✓,✓,✓,✓,after_stimulation,0,известно только после начала стимуляции (утечка для прогноза до неё)
"Лензетто 1,53 мг/доза №56 доза спрей (эстрадиол)",,,✓,,after_stimulation,0,известно только после начала стимуляции (утечка для прогноза до неё)
Прогестерон триггер,✓,✓,✓,✓,after_stimulation,0,известно только после начала стимуляции (утечка для прогноза до неё)
ТФС в день триггера,✓,✓,✓,✓,after_stimulation,0,известно только после начала стимуляции (утечка для прогноза до неё)
Эстрадиол триггер,✓,✓,✓,✓,after_stimulation,0,известно только после начала стимуляции (утечка для прогноза до неё)
АМГ,✓,✓,✓,✓,before_decision,1,предлечебный признак — допустим (ESHRE: AMH/AFC — основные)
Бесплодие,✓,✓,✓,✓,before_decision,1,предлечебный признак — допустим (ESHRE: AMH/AFC — основные)
Вес жены,✓,✓,✓,✓,before_decision,1,предлечебный признак — допустим (ESHRE: AMH/AFC — основные)
Вес мужа,✓,✓,✓,✓,before_decision,1,предлечебный признак — допустим (ESHRE: AMH/AFC — основные)
Возраст мужа,✓,✓,✓,✓,before_decision,1,предлечебный признак — допустим (ESHRE: AMH/AFC — основные)
Год рождения,✓,✓,✓,✓,before_decision,1,предлечебный признак — допустим (ESHRE: AMH/AFC — основные)
ДИАГНОЗ У НОВОРОЖДЕННОГО,✓,,,,before_decision,1,предлечебный признак — допустим (ESHRE: AMH/AFC — основные)
Диагноз бесплодия 1,✓,✓,✓,✓,before_decision,1,предлечебный признак — допустим (ESHRE: AMH/AFC — основные)
Диагноз бесплодия 2,✓,✓,✓,✓,before_decision,1,предлечебный признак — допустим (ESHRE: AMH/AFC — основные)
Диагноз бесплодия 3,✓,✓,✓,✓,before_decision,1,предлечебный признак — допустим (ESHRE: AMH/AFC — основные)
Диагноз гистеро,✓,✓,✓,✓,before_decision,1,предлечебный признак — допустим (ESHRE: AMH/AFC — основные)
ИМТ жены,✓,✓,✓,✓,before_decision,1,предлечебный признак — допустим (ESHRE: AMH/AFC — основные)
ИМТ мужа,✓,✓,✓,✓,before_decision,1,предлечебный признак — допустим (ESHRE: AMH/AFC — основные)
Номер попытки,✓,✓,✓,✓,before_decision,1,предлечебный признак — допустим (ESHRE: AMH/AFC — основные)
Оерации/Лапаротомия (бесплодие),✓,,,,before_decision,1,предлечебный признак — допустим (ESHRE: AMH/AFC — основные)
Операции/Лапароския (бесплодие),✓,,,,before_decision,1,предлечебный признак — допустим (ESHRE: AMH/AFC — основные)
Операции/Лапароскопия (бесплодие),,✓,✓,,before_decision,1,предлечебный признак — допустим (ESHRE: AMH/AFC — основные)
Операции/Лапаротомия (бесплодие),,✓,✓,,before_decision,1,предлечебный признак — допустим (ESHRE: AMH/AFC — основные)
Продолж-ть бесплодия/ лет,✓,✓,✓,✓,before_decision,1,предлечебный признак — допустим (ESHRE: AMH/AFC — основные)
Рост жены,✓,✓,✓,✓,before_decision,1,предлечебный признак — допустим (ESHRE: AMH/AFC — основные)
Рост мужа,✓,✓,✓,✓,before_decision,1,предлечебный признак — допустим (ESHRE: AMH/AFC — основные)
Сопут. диагнозы гистеро 1,,✓,✓,,before_decision,1,предлечебный признак — допустим (ESHRE: AMH/AFC — основные)
Сопут. диагнозы гистеро 2,,✓,✓,,before_decision,1,предлечебный признак — допустим (ESHRE: AMH/AFC — основные)
Сопут. диагнозы гистеро 3,,✓,✓,,before_decision,1,предлечебный признак — допустим (ESHRE: AMH/AFC — основные)
Сут. диагнозы гистеро 1,✓,,,,before_decision,1,предлечебный признак — допустим (ESHRE: AMH/AFC — основные)
Сут. диагнозы гистеро 2,✓,,,,before_decision,1,предлечебный признак — допустим (ESHRE: AMH/AFC — основные)
Сут. диагнозы гистеро 3,✓,,,,before_decision,1,предлечебный признак — допустим (ESHRE: AMH/AFC — основные)
вес плод,,✓,✓,,before_decision,1,предлечебный признак — допустим (ESHRE: AMH/AFC — основные)
вес плод 1,✓,,,,before_decision,1,предлечебный признак — допустим (ESHRE: AMH/AFC — основные)
вес плод 2,✓,✓,✓,✓,before_decision,1,предлечебный признак — допустим (ESHRE: AMH/AFC — основные)
вес плод 3,✓,✓,✓,✓,before_decision,1,предлечебный признак — допустим (ESHRE: AMH/AFC — основные)
год рождения,✓,✓,✓,✓,before_decision,1,предлечебный признак — допустим (ESHRE: AMH/AFC — основные)
рост плод,,✓,✓,,before_decision,1,предлечебный признак — допустим (ESHRE: AMH/AFC — основные)
рост плод 1,✓,,,,before_decision,1,предлечебный признак — допустим (ESHRE: AMH/AFC — основные)
рост плод 2,✓,✓,✓,✓,before_decision,1,предлечебный признак — допустим (ESHRE: AMH/AFC — основные)
рост плод 3,✓,✓,✓,✓,before_decision,1,предлечебный признак — допустим (ESHRE: AMH/AFC — основные)
сопут. диагноз РС 1,,✓,✓,,before_decision,1,предлечебный признак — допустим (ESHRE: AMH/AFC — основные)
сопут. диагноз РС 2,,✓,✓,,before_decision,1,предлечебный признак — допустим (ESHRE: AMH/AFC — основные)
сопут. диагноз РС 3,,✓,✓,,before_decision,1,предлечебный признак — допустим (ESHRE: AMH/AFC — основные)
сопут. диагноз экс.пат 1,,✓,✓,,before_decision,1,предлечебный признак — допустим (ESHRE: AMH/AFC — основные)
сопут. диагноз экс.пат 2,,✓,✓,,before_decision,1,предлечебный признак — допустим (ESHRE: AMH/AFC — основные)
сопут. диагноз экс.пат 3,,✓,✓,,before_decision,1,предлечебный признак — допустим (ESHRE: AMH/AFC — основные)
сут. диагноз РС 1,✓,,,,before_decision,1,предлечебный признак — допустим (ESHRE: AMH/AFC — основные)
сут. диагноз РС 2,✓,,,,before_decision,1,предлечебный признак — допустим (ESHRE: AMH/AFC — основные)
сут. диагноз РС 3,✓,,,,before_decision,1,предлечебный признак — допустим (ESHRE: AMH/AFC — основные)
сут. диагноз экс.пат 1,✓,,,,before_decision,1,предлечебный признак — допустим (ESHRE: AMH/AFC — основные)
сут. диагноз экс.пат 2,✓,,,,before_decision,1,предлечебный признак — допустим (ESHRE: AMH/AFC — основные)
сут. диагноз экс.пат 3,✓,,,,before_decision,1,предлечебный признак — допустим (ESHRE: AMH/AFC — основные)
DO Бласт н.луч качества  минимум 3ВВ,✓,✓,✓,✓,post_outcome,0,результат пункции/эмбриологии — ЦЕЛЕВАЯ или пост-исход (утечка)
DO Выход б/ц,✓,✓,✓,✓,post_outcome,0,результат пункции/эмбриологии — ЦЕЛЕВАЯ или пост-исход (утечка)
DO Зрелых (MII),✓,✓,✓,✓,post_outcome,0,результат пункции/эмбриологии — ЦЕЛЕВАЯ или пост-исход (утечка)
DO Норм.л.,✓,,,,post_outcome,0,результат пункции/эмбриологии — ЦЕЛЕВАЯ или пост-исход (утечка)
DO ПЭ  5-6 сутки,✓,✓,✓,✓,post_outcome,0,результат пункции/эмбриологии — ЦЕЛЕВАЯ или пост-исход (утечка)
DO ПЭ 3-4 сутки,✓,✓,✓,✓,post_outcome,0,результат пункции/эмбриологии — ЦЕЛЕВАЯ или пост-исход (утечка)
DO Получено ооцитов,✓,✓,✓,✓,post_outcome,0,результат пункции/эмбриологии — ЦЕЛЕВАЯ или пост-исход (утечка)
DO Т заморож.эмбр,✓,✓,✓,✓,post_outcome,0,результат пункции/эмбриологии — ЦЕЛЕВАЯ или пост-исход (утечка)
DO атрез.,✓,✓,✓,✓,post_outcome,0,результат пункции/эмбриологии — ЦЕЛЕВАЯ или пост-исход (утечка)
DO дробление,✓,✓,✓,✓,post_outcome,0,результат пункции/эмбриологии — ЦЕЛЕВАЯ или пост-исход (утечка)
FET Кол-во эмб на ПЭ после разморозки,,✓,✓,,post_outcome,0,результат пункции/эмбриологии — ЦЕЛЕВАЯ или пост-исход (утечка)
Внематочная беременность,,✓,,,post_outcome,0,результат пункции/эмбриологии — ЦЕЛЕВАЯ или пост-исход (утечка)
Выжило(кол) ДО ооцитов,✓,✓,✓,✓,post_outcome,0,результат пункции/эмбриологии — ЦЕЛЕВАЯ или пост-исход (утечка)
Выжило(кол) своих ооцитов,,✓,✓,,post_outcome,0,результат пункции/эмбриологии — ЦЕЛЕВАЯ или пост-исход (утечка)
Выжило(кол) своях ооцитов,✓,,,,post_outcome,0,результат пункции/эмбриологии — ЦЕЛЕВАЯ или пост-исход (утечка)
ЗО Зрелых (MII),✓,✓,✓,✓,post_outcome,0,результат пункции/эмбриологии — ЦЕЛЕВАЯ или пост-исход (утечка)
ЗО Получено ооцитов пац /ДО,✓,✓,✓,✓,post_outcome,0,результат пункции/эмбриологии — ЦЕЛЕВАЯ или пост-исход (утечка)
И n заморож.эмбр,✓,✓,✓,✓,post_outcome,0,результат пункции/эмбриологии — ЦЕЛЕВАЯ или пост-исход (утечка)
И Аномал.л.,✓,,,,post_outcome,0,результат пункции/эмбриологии — ЦЕЛЕВАЯ или пост-исход (утечка)
И Аномал.опл.,,✓,✓,,post_outcome,0,результат пункции/эмбриологии — ЦЕЛЕВАЯ или пост-исход (утечка)
И Бласт н.луч качества  минимум 3ВВ,✓,✓,✓,✓,post_outcome,0,результат пункции/эмбриологии — ЦЕЛЕВАЯ или пост-исход (утечка)
И Выход б/ц,✓,✓,✓,✓,post_outcome,0,результат пункции/эмбриологии — ЦЕЛЕВАЯ или пост-исход (утечка)
И Дробление,✓,✓,✓,✓,post_outcome,0,результат пункции/эмбриологии — ЦЕЛЕВАЯ или пост-исход (утечка)
И Зрелых (MII),✓,✓,✓,✓,post_outcome,0,результат пункции/эмбриологии — ЦЕЛЕВАЯ или пост-исход (утечка)
И Норм.л.,✓,,,,post_outcome,0,результат пункции/эмбриологии — ЦЕЛЕВАЯ или пост-исход (утечка)
И ПЭ 3-4 сутки,✓,✓,✓,✓,post_outcome,0,результат пункции/эмбриологии — ЦЕЛЕВАЯ или пост-исход (утечка)
И Получено ооцитов,✓,✓,✓,✓,post_outcome,0,результат пункции/эмбриологии — ЦЕЛЕВАЯ или пост-исход (утечка)
И атрез.,✓,✓,✓,✓,post_outcome,0,результат пункции/эмбриологии — ЦЕЛЕВАЯ или пост-исход (утечка)
Номер эмбриона,✓,✓,✓,✓,post_outcome,0,результат пункции/эмбриологии — ЦЕЛЕВАЯ или пост-исход (утечка)
Область,✓,✓,✓,✓,post_outcome,0,результат пункции/эмбриологии — ЦЕЛЕВАЯ или пост-исход (утечка)
Остатки эмбрионов,,✓,✓,,post_outcome,0,результат пункции/эмбриологии — ЦЕЛЕВАЯ или пост-исход (утечка)
Остатки эмбрионов ноль 0,,✓,✓,,post_outcome,0,результат пункции/эмбриологии — ЦЕЛЕВАЯ или пост-исход (утечка)
Остатки эмбрионов ноль 0.1,,✓,✓,,post_outcome,0,результат пункции/эмбриологии — ЦЕЛЕВАЯ или пост-исход (утечка)
Разморозка своих ооцитов(кол.),,✓,✓,,post_outcome,0,результат пункции/эмбриологии — ЦЕЛЕВАЯ или пост-исход (утечка)
Разморозка своях ооцитов(кол.),✓,,,,post_outcome,0,результат пункции/эмбриологии — ЦЕЛЕВАЯ или пост-исход (утечка)
Спонтанная беременность,✓,✓,✓,✓,post_outcome,0,результат пункции/эмбриологии — ЦЕЛЕВАЯ или пост-исход (утечка)
ХГЧ 1500 МЕ в/м,,,✓,,post_outcome,0,результат пункции/эмбриологии — ЦЕЛЕВАЯ или пост-исход (утечка)
ХГЧ 5000,✓,✓,✓,✓,post_outcome,0,результат пункции/эмбриологии — ЦЕЛЕВАЯ или пост-исход (утечка)
атрез.,✓,✓,✓,✓,post_outcome,0,результат пункции/эмбриологии — ЦЕЛЕВАЯ или пост-исход (утечка)
внемат.беременность,,✓,✓,,post_outcome,0,результат пункции/эмбриологии — ЦЕЛЕВАЯ или пост-исход (утечка)
кЭКО n заморож.эмбр,✓,✓,✓,✓,post_outcome,0,результат пункции/эмбриологии — ЦЕЛЕВАЯ или пост-исход (утечка)
кЭКО Аномал.л.,✓,,,,post_outcome,0,результат пункции/эмбриологии — ЦЕЛЕВАЯ или пост-исход (утечка)
кЭКО Аномал.опл.,,✓,✓,,post_outcome,0,результат пункции/эмбриологии — ЦЕЛЕВАЯ или пост-исход (утечка)
кЭКО Бласт н.луч качества  минимум 3ВВ,✓,✓,✓,✓,post_outcome,0,результат пункции/эмбриологии — ЦЕЛЕВАЯ или пост-исход (утечка)
кЭКО Выход б/ц,✓,✓,✓,✓,post_outcome,0,результат пункции/эмбриологии — ЦЕЛЕВАЯ или пост-исход (утечка)
кЭКО Дробление,✓,✓,✓,✓,post_outcome,0,результат пункции/эмбриологии — ЦЕЛЕВАЯ или пост-исход (утечка)
кЭКО Зрелых (MII),✓,✓,✓,✓,post_outcome,0,результат пункции/эмбриологии — ЦЕЛЕВАЯ или пост-исход (утечка)
кЭКО Норм.л.,✓,,,,post_outcome,0,результат пункции/эмбриологии — ЦЕЛЕВАЯ или пост-исход (утечка)
кЭКО ПЭ 3-4 сутки,✓,✓,✓,✓,post_outcome,0,результат пункции/эмбриологии — ЦЕЛЕВАЯ или пост-исход (утечка)
кЭКО ПЭ 5-6 сутки,✓,✓,✓,✓,post_outcome,0,результат пункции/эмбриологии — ЦЕЛЕВАЯ или пост-исход (утечка)
кЭКО Получено ооцитов,✓,✓,✓,✓,post_outcome,0,результат пункции/эмбриологии — ЦЕЛЕВАЯ или пост-исход (утечка)
осложнения беременности,✓,,,,post_outcome,0,результат пункции/эмбриологии — ЦЕЛЕВАЯ или пост-исход (утечка)
пок-тель хгч,✓,✓,✓,✓,post_outcome,0,результат пункции/эмбриологии — ЦЕЛЕВАЯ или пост-исход (утечка)
результат ХГЧ,✓,✓,✓,✓,post_outcome,0,результат пункции/эмбриологии — ЦЕЛЕВАЯ или пост-исход (утечка)
эмбр опл,✓,✓,✓,✓,post_outcome,0,результат пункции/эмбриологии — ЦЕЛЕВАЯ или пост-исход (утечка)
∑ n  заморож.эмбр,✓,✓,✓,✓,post_outcome,0,результат пункции/эмбриологии — ЦЕЛЕВАЯ или пост-исход (утечка)
∑ Аномал.л.,✓,,,,post_outcome,0,результат пункции/эмбриологии — ЦЕЛЕВАЯ или пост-исход (утечка)
∑ Аномал.опл.,,✓,✓,,post_outcome,0,результат пункции/эмбриологии — ЦЕЛЕВАЯ или пост-исход (утечка)
∑ Бласт н.луч качества  минимум 3ВВ,✓,✓,✓,✓,post_outcome,0,результат пункции/эмбриологии — ЦЕЛЕВАЯ или пост-исход (утечка)
∑ Выход б/ц,✓,✓,✓,✓,post_outcome,0,результат пункции/эмбриологии — ЦЕЛЕВАЯ или пост-исход (утечка)
∑ Дробление,✓,✓,✓,✓,post_outcome,0,результат пункции/эмбриологии — ЦЕЛЕВАЯ или пост-исход (утечка)
∑ Зрелых (MII),✓,✓,✓,✓,post_outcome,0,результат пункции/эмбриологии — ЦЕЛЕВАЯ или пост-исход (утечка)
∑ Норм.л.,✓,,,,post_outcome,0,результат пункции/эмбриологии — ЦЕЛЕВАЯ или пост-исход (утечка)
∑ ПЭ 3-4 сутки,✓,✓,✓,✓,post_outcome,0,результат пункции/эмбриологии — ЦЕЛЕВАЯ или пост-исход (утечка)
∑ ПЭ 5-6 сутки,✓,✓,✓,✓,post_outcome,0,результат пункции/эмбриологии — ЦЕЛЕВАЯ или пост-исход (утечка)
∑ Получено ооцитов,✓,✓,✓,✓,post_outcome,0,результат пункции/эмбриологии — ЦЕЛЕВАЯ или пост-исход (утечка)
∑ атрез.,✓,✓,✓,✓,post_outcome,0,результат пункции/эмбриологии — ЦЕЛЕВАЯ или пост-исход (утечка)
Вид Стимуляций,✓,✓,✓,✓,protocol_choice,0,выбор врача: допустим ТОЛЬКО если прогноз строится ПОСЛЕ выбора
Метод опл,✓,✓,✓,✓,protocol_choice,0,выбор врача: допустим ТОЛЬКО если прогноз строится ПОСЛЕ выбора
Программа,✓,✓,✓,✓,protocol_choice,0,выбор врача: допустим ТОЛЬКО если прогноз строится ПОСЛЕ выбора
Протокол,✓,✓,✓,✓,protocol_choice,0,выбор врача: допустим ТОЛЬКО если прогноз строится ПОСЛЕ выбора
ВРАЧ,,✓,✓,,service,0,служебное/идентификатор — использовать запрещено (§17 TECHNICAL_ID)
Врач ТВП,✓,✓,,,service,0,служебное/идентификатор — использовать запрещено (§17 TECHNICAL_ID)
Врач гистеро,✓,✓,✓,✓,service,0,служебное/идентификатор — использовать запрещено (§17 TECHNICAL_ID)
Врач программы/стимуляции/ТЕЗЕ,✓,,,,service,0,служебное/идентификатор — использовать запрещено (§17 TECHNICAL_ID)
Дата Аспир би,✓,,,,service,0,служебное/идентификатор — использовать запрещено (§17 TECHNICAL_ID)
Дата Аспир биоп,,✓,✓,,service,0,служебное/идентификатор — использовать запрещено (§17 TECHNICAL_ID)
Дата МСГ,✓,✓,✓,✓,service,0,служебное/идентификатор — использовать запрещено (§17 TECHNICAL_ID)
Дата Посл гистеро,✓,✓,✓,✓,service,0,служебное/идентификатор — использовать запрещено (§17 TECHNICAL_ID)
Дата Программы,✓,✓,✓,✓,service,0,служебное/идентификатор — использовать запрещено (§17 TECHNICAL_ID)
Дата заполнения,✓,✓,✓,✓,service,0,служебное/идентификатор — использовать запрещено (§17 TECHNICAL_ID)
Дата переноса,✓,✓,✓,✓,service,0,служебное/идентификатор — использовать запрещено (§17 TECHNICAL_ID)
КОД ДС/ ФИО,✓,✓,✓,✓,service,0,служебное/идентификатор — использовать запрещено (§17 TECHNICAL_ID)
КОД/ФИО ДО/ДС КОД ДЭ,✓,✓,✓,✓,service,0,служебное/идентификатор — использовать запрещено (§17 TECHNICAL_ID)
Кол-во КРИО ПЕ в Persona,✓,✓,✓,✓,service,0,служебное/идентификатор — использовать запрещено (§17 TECHNICAL_ID)
Кол-во берем,✓,✓,✓,✓,service,0,служебное/идентификатор — использовать запрещено (§17 TECHNICAL_ID)
Кол-во браков,✓,✓,✓,✓,service,0,служебное/идентификатор — использовать запрещено (§17 TECHNICAL_ID)
Кол-во гистеро,✓,✓,✓,✓,service,0,служебное/идентификатор — использовать запрещено (§17 TECHNICAL_ID)
Кол-во эмб на FET,✓,,,,service,0,служебное/идентификатор — использовать запрещено (§17 TECHNICAL_ID)
Кол-во эмбр на ПЭ- СМ,,✓,✓,,service,0,служебное/идентификатор — использовать запрещено (§17 TECHNICAL_ID)
Ф.И.О. ДО/КОД ДО,✓,✓,✓,✓,service,0,служебное/идентификатор — использовать запрещено (§17 TECHNICAL_ID)
ФИО,✓,,✓,,service,0,служебное/идентификатор — использовать запрещено (§17 TECHNICAL_ID)
ФИО мужа,✓,✓,✓,✓,service,0,служебное/идентификатор — использовать запрещено (§17 TECHNICAL_ID)
ФИО пациента,,✓,,,service,0,служебное/идентификатор — использовать запрещено (§17 TECHNICAL_ID)
Эмбриолог  ПЭ,✓,✓,✓,✓,service,0,служебное/идентификатор — использовать запрещено (§17 TECHNICAL_ID)
Эмбриолог ТВП,✓,✓,✓,✓,service,0,служебное/идентификатор — использовать запрещено (§17 TECHNICAL_ID)
врач  ПЭ,✓,✓,✓,✓,service,0,служебное/идентификатор — использовать запрещено (§17 TECHNICAL_ID)
дата УЗИ 2,✓,✓,✓,✓,service,0,служебное/идентификатор — использовать запрещено (§17 TECHNICAL_ID)
дата УЗИ 3,✓,,,,service,0,служебное/идентификатор — использовать запрещено (§17 TECHNICAL_ID)
дата обзвона УЗИ 2,✓,✓,✓,✓,service,0,служебное/идентификатор — использовать запрещено (§17 TECHNICAL_ID)
дата обзвона ХГЧ,✓,✓,✓,✓,service,0,служебное/идентификатор — использовать запрещено (§17 TECHNICAL_ID)
дата родов,✓,✓,✓,✓,service,0,служебное/идентификатор — использовать запрещено (§17 TECHNICAL_ID)
дата сдачи ХГЧ,✓,✓,✓,✓,service,0,служебное/идентификатор — использовать запрещено (§17 TECHNICAL_ID)
дата сдачи спермограммы,✓,✓,✓,✓,service,0,служебное/идентификатор — использовать запрещено (§17 TECHNICAL_ID)
дата учета УЗИ 3,,✓,✓,,service,0,служебное/идентификатор — использовать запрещено (§17 TECHNICAL_ID)
кол-во,✓,✓,,,service,0,служебное/идентификатор — использовать запрещено (§17 TECHNICAL_ID)
кол-во заморож ооц,✓,✓,✓,✓,service,0,служебное/идентификатор — использовать запрещено (§17 TECHNICAL_ID)
кол-во на МРТ,,,✓,,service,0,служебное/идентификатор — использовать запрещено (§17 TECHNICAL_ID)
№,✓,✓,,,service,0,служебное/идентификатор — использовать запрещено (§17 TECHNICAL_ID)
12 недель,✓,✓,✓,✓,unclassified,0,требует ручного решения соавтора
CaI,✓,✓,✓,✓,unclassified,0,требует ручного решения соавтора
Cook,✓,✓,✓,✓,unclassified,0,требует ручного решения соавтора
Cтатус,✓,✓,✓,✓,unclassified,0,требует ручного решения соавтора
DO Норм.опл.,,✓,✓,,unclassified,0,требует ручного решения соавтора
DO аном.л.,✓,,,,unclassified,0,требует ручного решения соавтора
DO аном.опл.,,✓,✓,,unclassified,0,требует ручного решения соавтора
DO среда куль-я,✓,✓,✓,✓,unclassified,0,требует ручного решения соавтора
FET Кол-во разморож.эмб-в,,✓,✓,,unclassified,0,требует ручного решения соавтора
IVF/КРИО TESA,✓,✓,✓,✓,unclassified,0,требует ручного решения соавтора
Miri 6/12,✓,✓,✓,✓,unclassified,0,требует ручного решения соавтора
SANYO,,,✓,,unclassified,0,требует ручного решения соавтора
TL,✓,✓,✓,✓,unclassified,0,требует ручного решения соавтора
А+В %,✓,✓,✓,✓,unclassified,0,требует ручного решения соавтора
Андрогель,✓,✓,,,unclassified,0,требует ручного решения соавтора
Андрогель 10 мг/г №30 пакет гель (тестостерон 50мг/5г 1 пакет),,,✓,,unclassified,0,требует ручного решения соавтора
"Аэртал 100 мг №20, №60 табл",,,✓,,unclassified,0,требует ручного решения соавтора
Бергестрон,✓,✓,,,unclassified,0,требует ручного решения соавтора
"Бергестрон 100 мг №30 кап (прогестерон) перор., ваг.",,,✓,,unclassified,0,требует ручного решения соавтора
"Бергестрон 200 мг №30 кап (прогестерон) перор., ваг.",,,✓,,unclassified,0,требует ручного решения соавтора
В PERSONE,✓,✓,✓,✓,unclassified,0,требует ручного решения соавтора
Внематочная бер-ть,✓,,✓,,unclassified,0,требует ручного решения соавтора
Возр пациентов,✓,✓,✓,✓,unclassified,0,требует ручного решения соавтора
Всего ерации,✓,,,,unclassified,0,требует ручного решения соавтора
Всего операции,,✓,✓,,unclassified,0,требует ручного решения соавтора
Выписка после родов новорожденного 2,,,✓,,unclassified,0,требует ручного решения соавтора
ГОД,✓,✓,,,unclassified,0,требует ручного решения соавтора
Гинопрогест,,✓,,,unclassified,0,требует ручного решения соавтора
"Гинопрогест 200 мг №30кап (прогестерон) перор., ваг.",,,✓,,unclassified,0,требует ручного решения соавтора
Гинрогест,✓,,,,unclassified,0,требует ручного решения соавтора
Гистология 1,✓,✓,✓,✓,unclassified,0,требует ручного решения соавтора
Гистология 3,✓,✓,✓,✓,unclassified,0,требует ручного решения соавтора
Гонал Ф 75 ЕД,✓,✓,,,unclassified,0,требует ручного решения соавтора
"Гонал-Ф 5,5 мкг (75 МЕ) №1 амп",,,✓,,unclassified,0,требует ручного решения соавтора
Город,✓,✓,✓,✓,unclassified,0,требует ручного решения соавтора
Гражданский,✓,✓,✓,✓,unclassified,0,требует ручного решения соавтора
"ДИФЕРЕЛИН 0,1",✓,✓,,,unclassified,0,требует ручного решения соавтора
ДНК Фрагментация,✓,✓,✓,✓,unclassified,0,требует ручного решения соавтора
ДО разм(кол.),✓,✓,✓,✓,unclassified,0,требует ручного решения соавтора
ДО свеж,✓,✓,✓,✓,unclassified,0,требует ручного решения соавтора
День ПЕ,✓,✓,✓,✓,unclassified,0,требует ручного решения соавтора
День м.ц на ТВП/криЭ,✓,,,,unclassified,0,требует ручного решения соавтора
День м.ц на ТВП/криоПЭ,,✓,✓,,unclassified,0,требует ручного решения соавтора
День сдачи прогестерона IIфазе,,✓,✓,,unclassified,0,требует ручного решения соавтора
Дивигель,✓,✓,,,unclassified,0,требует ручного решения соавтора
"Дивигель 0,1 % 0,5 г, 1,0 г гель (эстрадиола гемигидрат)",,,✓,,unclassified,0,требует ручного решения соавтора
"Диферелин 0,1",✓,✓,,,unclassified,0,требует ручного решения соавтора
"Диферелин амп 0,1 мг №7",,,✓,,unclassified,0,требует ручного решения соавтора
"Диферелин амп 0,1 мг №7 .1",,,✓,,unclassified,0,требует ручного решения соавтора
"Диферелин амп 3,75мг №1",,,✓,,unclassified,0,требует ручного решения соавтора
"Диферилин 3,75",✓,✓,,,unclassified,0,требует ручного решения соавтора
Доп.назначения,,✓,✓,,unclassified,0,требует ручного решения соавтора
"Достинекс 0,5 мг №2, №8табл (Каберголин)",,,✓,,unclassified,0,требует ручного решения соавтора
Дюфастон,✓,✓,,,unclassified,0,требует ручного решения соавтора
Дюфастон 10мг №20 табл (Дидрогестерон),,,✓,,unclassified,0,требует ручного решения соавтора
Дюфастон.1,✓,✓,,,unclassified,0,требует ручного решения соавтора
ЕТ/ОП,,✓,✓,,unclassified,0,требует ручного решения соавтора
ЖК УЗИ 3,✓,✓,✓,✓,unclassified,0,требует ручного решения соавтора
Живой/летальный исход плод,,✓,✓,,unclassified,0,требует ручного решения соавтора
Живой/летальный исход плод 1,✓,,,,unclassified,0,требует ручного решения соавтора
Живой/летальный исход плод 2,✓,✓,✓,✓,unclassified,0,требует ручного решения соавтора
Живой/летальный исход плод 3,✓,✓,✓,✓,unclassified,0,требует ручного решения соавтора
Заказчица,,✓,✓,,unclassified,0,требует ручного решения соавтора
Заказщица/супруга,✓,,,,unclassified,0,требует ручного решения соавтора
Замершая бер-ть,✓,✓,✓,✓,unclassified,0,требует ручного решения соавтора
Заполнила на 7 сут,✓,,,,unclassified,0,требует ручного решения соавтора
Заполнила на 7 сут и КРИО,,✓,✓,,unclassified,0,требует ручного решения соавтора
И Норм.опл.,,✓,✓,,unclassified,0,требует ручного решения соавтора
И ПЭ5-6 сутки,✓,✓,✓,✓,unclassified,0,требует ручного решения соавтора
И Среда куль-я,✓,✓,✓,✓,unclassified,0,требует ручного решения соавтора
ИИН,,,✓,,unclassified,0,требует ручного решения соавтора
Источник Клеток,✓,✓,✓,✓,unclassified,0,требует ручного решения соавтора
Источник ооцитов на  СВОЯ/ДО,✓,✓,✓,✓,unclassified,0,требует ручного решения соавтора
КЦ,✓,,,,unclassified,0,требует ручного решения соавтора
Кариотип жены,✓,✓,✓,✓,unclassified,0,требует ручного решения соавтора
Кариотип мужа,✓,✓,✓,✓,unclassified,0,требует ручного решения соавтора
Категория программы,✓,✓,✓,✓,unclassified,0,требует ручного решения соавтора
Катетер на ПЭ,✓,✓,✓,✓,unclassified,0,требует ручного решения соавтора
Кач-во на ПЕ,✓,✓,✓,✓,unclassified,0,требует ручного решения соавтора
Качество спермы,✓,✓,✓,✓,unclassified,0,требует ручного решения соавтора
Кесарево сечение,✓,✓,✓,✓,unclassified,0,требует ручного решения соавтора
Клексан,✓,✓,,,unclassified,0,требует ручного решения соавтора
"Клексан 0,4/0,3/0,6/0,8мл 2850МЕ/3800МЕ/5700МЕ/7600МЕ п/к",,,✓,,unclassified,0,требует ручного решения соавтора
Клостилбегит,,✓,,,unclassified,0,требует ручного решения соавтора
Клостилбегит 50 мг №10 табл,,,✓,,unclassified,0,требует ручного решения соавтора
Кол,,,✓,,unclassified,0,требует ручного решения соавтора
Консервативная миомэктомия,✓,✓,✓,✓,unclassified,0,требует ручного решения соавтора
Крайнон,✓,✓,,,unclassified,0,требует ручного решения соавтора
Кто заполнял,✓,✓,✓,✓,unclassified,0,требует ручного решения соавтора
ЛГ,✓,✓,✓,✓,unclassified,0,требует ручного решения соавтора
Лаеннек 112 мг/2 мл №10 амп,,,✓,,unclassified,0,требует ручного решения соавтора
Лаеннек внутриматочно,✓,✓,,,unclassified,0,требует ручного решения соавтора
Лензетто,✓,✓,,,unclassified,0,требует ручного решения соавтора
Летрозол,✓,✓,,,unclassified,0,требует ручного решения соавтора
"Летрозол 2,5 мг №30 табл",,,✓,,unclassified,0,требует ручного решения соавтора
Лечение,✓,✓,✓,✓,unclassified,0,требует ручного решения соавтора
М /С,✓,,,,unclassified,0,требует ручного решения соавтора
МАР тест,✓,✓,✓,✓,unclassified,0,требует ручного решения соавтора
Мед.аборт,✓,✓,✓,✓,unclassified,0,требует ручного решения соавтора
Меногон 75ЕД,✓,✓,,,unclassified,0,требует ручного решения соавтора
Менопур 75 ЕД,,✓,,,unclassified,0,требует ручного решения соавтора
"Менопур 75 МЕ №5, №10 амп",,,✓,,unclassified,0,требует ручного решения соавтора
Менур 75 ЕД,✓,,,,unclassified,0,требует ручного решения соавтора
Мерионал,✓,✓,,,unclassified,0,требует ручного решения соавтора
Мерионал 75 МЕ №1 амп,,,✓,,unclassified,0,требует ручного решения соавтора
Мериоферт,✓,✓,,,unclassified,0,требует ручного решения соавтора
Мериферт 75 ЕД,,,✓,,unclassified,0,требует ручного решения соавтора
Место проведения гистеро,✓,✓,✓,✓,unclassified,0,требует ручного решения соавтора
Метипред,✓,✓,,,unclassified,0,требует ручного решения соавтора
Метипред 4/мг16мг №30 табл (Метилпреднизолон,,,✓,,unclassified,0,требует ручного решения соавтора
Морф %,✓,✓,✓,✓,unclassified,0,требует ручного решения соавтора
Наличие материала (TESA),✓,✓,✓,✓,unclassified,0,требует ручного решения соавтора
Нац жены,✓,,,,unclassified,0,требует ручного решения соавтора
Нац мужа,✓,✓,✓,✓,unclassified,0,требует ручного решения соавтора
Нац.жены,,✓,✓,,unclassified,0,требует ручного решения соавтора
Нурофен/Ибупрофен,✓,✓,,,unclassified,0,требует ручного решения соавтора
Нурофен/Ибупрофен 200 мг №10/№50 табл,,,✓,,unclassified,0,требует ручного решения соавтора
ОП/ЕТ,✓,✓,✓,✓,unclassified,0,требует ручного решения соавтора
"Овитрел 250 мкг/0,5 мл №1 амп п/к",,,✓,,unclassified,0,требует ручного решения соавтора
Овитрель,✓,✓,,,unclassified,0,требует ручного решения соавтора
Одинокая,✓,✓,✓,✓,unclassified,0,требует ручного решения соавтора
Онкофертильность,,,✓,,unclassified,0,требует ручного решения соавтора
Операции экстагенитальные,,,✓,,unclassified,0,требует ручного решения соавтора
Операции/Тубэктомия,✓,✓,✓,✓,unclassified,0,требует ручного решения соавтора
Операции/Цистэктомия,✓,✓,✓,✓,unclassified,0,требует ручного решения соавтора
Оргалутран  /амп,✓,✓,,,unclassified,0,требует ручного решения соавтора
Осложнение новорожденного,,✓,✓,,unclassified,0,требует ручного решения соавтора
Осложнение новорожденного 2,,✓,,,unclassified,0,требует ручного решения соавтора
Отмена  ЕТ,✓,✓,✓,✓,unclassified,0,требует ручного решения соавтора
Отмена ТВП,✓,✓,✓,✓,unclassified,0,требует ручного решения соавтора
Отмена стимуляции,✓,✓,✓,✓,unclassified,0,требует ручного решения соавтора
"ПОЛ (ХУ, ХХ)",✓,✓,✓,✓,unclassified,0,требует ручного решения соавтора
Перговерис 150МЕ+75МЕ №1 амп,,,✓,,unclassified,0,требует ручного решения соавтора
Перговерис/амп,✓,✓,,,unclassified,0,требует ручного решения соавтора
Пинодии 6,✓,,,,unclassified,0,требует ручного решения соавтора
Пинодии 8,✓,,,,unclassified,0,требует ручного решения соавтора
Пиноподии 6,,✓,✓,,unclassified,0,требует ручного решения соавтора
Пиноподии 8,,✓,✓,,unclassified,0,требует ручного решения соавтора
Показатель прогестерона,,✓,✓,,unclassified,0,требует ручного решения соавтора
Полиграф,,✓,,,unclassified,0,требует ручного решения соавтора
"Пражестан 200 мг №30 кап (прогестерон) перор., ваг.",,,✓,,unclassified,0,требует ручного решения соавтора
Примечание,,✓,,,unclassified,0,требует ручного решения соавтора
Причина,✓,✓,✓,✓,unclassified,0,требует ручного решения соавтора
Причина отмена ЕТ,✓,✓,✓,✓,unclassified,0,требует ручного решения соавтора
Причина отмена ТВП,✓,✓,✓,✓,unclassified,0,требует ручного решения соавтора
Прл,✓,✓,✓,✓,unclassified,0,требует ручного решения соавтора
Проблема ПЭ,✓,✓,✓,✓,unclassified,0,требует ручного решения соавтора
"Прогестерон 1%, 2,5% по 1 мл №10 амп (прогестерон 10 мг или 25 мг) в/м, п/к",,,✓,,unclassified,0,требует ручного решения соавтора
Прогестерон 1мл,✓,✓,,,unclassified,0,требует ручного решения соавтора
Прогестерон старт,✓,✓,✓,✓,unclassified,0,требует ручного решения соавтора
Прогинова,✓,✓,,,unclassified,0,требует ручного решения соавтора
Прогинова 2 мг №21 табл (эстрадиола валерат),,,✓,,unclassified,0,требует ручного решения соавтора
Пролютекс 25мг №7  амп п/к (прогестерон),,,✓,,unclassified,0,требует ручного решения соавтора
Пуберген,✓,✓,,,unclassified,0,требует ручного решения соавтора
Пуберген 5000 МЕ №1 амп в/м,,,✓,,unclassified,0,требует ручного решения соавтора
Пурегон ед,✓,✓,,,unclassified,0,требует ручного решения соавтора
Реафем,✓,✓,,,unclassified,0,требует ручного решения соавтора
Реафем 100 мг №30кап (прогестерон) ваг.,,,✓,,unclassified,0,требует ручного решения соавтора
Реафем 200 мг №30кап (прогестерон) ваг.,,,✓,,unclassified,0,требует ручного решения соавтора
Регистрированный,✓,✓,✓,✓,unclassified,0,требует ручного решения соавтора
Результат МСГ,✓,✓,✓,✓,unclassified,0,требует ручного решения соавтора
Рековелль 72 мкг/2.16 мл №1 шприц-ручка,,,✓,,unclassified,0,требует ручного решения соавтора
Рековель А 73,✓,✓,,,unclassified,0,требует ручного решения соавтора
Род деятельности,,✓,✓,,unclassified,0,требует ручного решения соавтора
Род деятельности жена,✓,,,,unclassified,0,требует ручного решения соавтора
Род деятельности мужа,✓,✓,✓,✓,unclassified,0,требует ручного решения соавтора
Роды,,,✓,,unclassified,0,требует ручного решения соавтора
Самопроизвольный выкидыш,,✓,✓,,unclassified,0,требует ручного решения соавтора
Самроизвольный выкидыш,✓,,,,unclassified,0,требует ручного решения соавтора
Себе/СМ,✓,✓,✓,✓,unclassified,0,требует ручного решения соавтора
Синнал Ф,✓,✓,,,unclassified,0,требует ручного решения соавтора
Синнал-ф 450 МЕ/0.75 мл №1 шприц-ручка,,,✓,,unclassified,0,требует ручного решения соавтора
Среда ПЭ,✓,✓,✓,✓,unclassified,0,требует ручного решения соавтора
Статистик,,✓,✓,,unclassified,0,требует ручного решения соавтора
Степень выраженности,✓,✓,✓,✓,unclassified,0,требует ручного решения соавтора
Стерилизация,✓,✓,,,unclassified,0,требует ручного решения соавтора
Страна,✓,✓,✓,✓,unclassified,0,требует ручного решения соавтора
ТЛ-КОД И БАЛЛ,,,✓,,unclassified,0,требует ручного решения соавтора
ТТГ,✓,✓,✓,✓,unclassified,0,требует ручного решения соавтора
Тамоксифен,✓,✓,,,unclassified,0,требует ручного решения соавтора
Тамоксифен 20мг №100 табл,,,✓,,unclassified,0,требует ручного решения соавтора
Тест,✓,✓,✓,✓,unclassified,0,требует ручного решения соавтора
Тригер/ТВП/Часы,✓,✓,✓,✓,unclassified,0,требует ручного решения соавтора
Утрожестан,✓,✓,,,unclassified,0,требует ручного решения соавтора
"Утрожестан 200 мг №14кап (Прогестерон) перор.,ваг.",,,✓,,unclassified,0,требует ручного решения соавтора
ФАРЕСТОН 60 мг №30 табл,,,✓,,unclassified,0,требует ручного решения соавтора
ФСГ,✓,✓,✓,✓,unclassified,0,требует ручного решения соавтора
ФСГ старт,✓,✓,✓,✓,unclassified,0,требует ручного решения соавтора
Фемостон,,✓,,,unclassified,0,требует ручного решения соавтора
"Фемостон 0,5/2,5 №28 табл (эстрадиола гемигидрат 0,5 мг/дидрогестерон 2,5 мг)",,,✓,,unclassified,0,требует ручного решения соавтора
Фемостон 1/10 №28 табл (эстрадиола гемигидрат 1 мг/дидрогестерон 10 мг),,,✓,,unclassified,0,требует ручного решения соавтора
Фемостон 1/5 №28 табл (эстрадиола гемигидрат 1 мг/дидрогестерон 5 мг),,,✓,,unclassified,0,требует ручного решения соавтора
Фемостон 2/10 №28 табл (эстрадиола гемигидрат 2 мг/дидрогестерон 10 мг),,,✓,,unclassified,0,требует ручного решения соавтора
Фолиграф,✓,,,,unclassified,0,требует ручного решения соавтора
Фолиграф 150 МЕ №1 амп,,,✓,,unclassified,0,требует ручного решения соавтора
Фолиграф 75 МЕ №1 амп,,,✓,,unclassified,0,требует ручного решения соавтора
Фостимон,✓,✓,,,unclassified,0,требует ручного решения соавтора
Фостимон 75 МЕ №1 амп,,,✓,,unclassified,0,требует ручного решения соавтора
Фраксипарин,✓,✓,,,unclassified,0,требует ручного решения соавтора
"Фраксипарин 0,4/0,3/0,6/0,8мл 2850МЕ/3800МЕ/5700МЕ/7600МЕ п/к",,,✓,,unclassified,0,требует ручного решения соавтора
Характеристика (АВС),✓,✓,✓,✓,unclassified,0,требует ручного решения соавтора
Хорапур 10000,✓,✓,,,unclassified,0,требует ручного решения соавтора
Хорапур 5000,✓,✓,,,unclassified,0,требует ручного решения соавтора
Хронич эндомит Гистология,✓,✓,✓,✓,unclassified,0,требует ручного решения соавтора
Цетролекс,✓,✓,,,unclassified,0,требует ручного решения соавтора
"Цетротид  0,25 /амп",✓,✓,,,unclassified,0,требует ручного решения соавтора
"Цетротид 0,25мг амп",,,✓,,unclassified,0,требует ручного решения соавтора
Циклогест,,✓,,,unclassified,0,требует ручного решения соавтора
Циклогест 400 мг №15 супп (прогестерон) ваг.,,,✓,,unclassified,0,требует ручного решения соавтора
ЭМБ.   зам,,✓,✓,,unclassified,0,требует ручного решения соавтора
ЭМБ.разм,✓,✓,✓,✓,unclassified,0,требует ручного решения соавтора
Эндометрин,✓,✓,,,unclassified,0,требует ручного решения соавтора
Эндометрин 100 мг №30табл (прогестерон) ваг.,,,✓,,unclassified,0,требует ручного решения соавтора
Эстрадиол старт,✓,✓,✓,✓,unclassified,0,требует ручного решения соавтора
Эстражель,✓,✓,,,unclassified,0,требует ручного решения соавтора
Эстрафем,✓,✓,,,unclassified,0,требует ручного решения соавтора
"Эстрожель  0,60 мг/г гель (Эстрадиол)",,,✓,,unclassified,0,требует ручного решения соавтора
Эстрофем 2 мг №28 табл (17β-эстрадиол),,,✓,,unclassified,0,требует ручного решения соавтора
Эутирокс,✓,✓,,,unclassified,0,требует ручного решения соавтора
Эутирокс 25мкг/50мкг/75мкг/100мкг/125мкг/150мкг №100табл (Левотироксин натрия),,,✓,,unclassified,0,требует ручного решения соавтора
аэртал,✓,✓,,,unclassified,0,требует ручного решения соавтора
б/х берем,✓,✓,✓,✓,unclassified,0,требует ручного решения соавтора
достинекс /таб,✓,✓,,,unclassified,0,требует ручного решения соавтора
зам ооц по счету,✓,✓,✓,✓,unclassified,0,требует ручного решения соавтора
замершая,✓,✓,✓,✓,unclassified,0,требует ручного решения соавтора
кЭКО Норм.опл.,,✓,✓,,unclassified,0,требует ручного решения соавтора
кЭКО среда кул-ия,✓,✓,✓,✓,unclassified,0,требует ручного решения соавтора
кес/сеч,✓,✓,,,unclassified,0,требует ручного решения соавтора
кол плод,✓,✓,✓,✓,unclassified,0,требует ручного решения соавтора
кол-чо проданных свеж ДО,✓,✓,✓,✓,unclassified,0,требует ручного решения соавтора
кто заполнял,✓,✓,✓,✓,unclassified,0,требует ручного решения соавтора
номер телефона,✓,✓,✓,✓,unclassified,0,требует ручного решения соавтора
"осложнения бер., родов",,✓,✓,,unclassified,0,требует ручного решения соавтора
"осложнения бер., родов 2",,✓,✓,,unclassified,0,требует ручного решения соавтора
"осложнения бер., родов 3",,✓,✓,,unclassified,0,требует ручного решения соавтора
осложнения пункции,✓,✓,✓,✓,unclassified,0,требует ручного решения соавтора
осложнения родов,✓,,,,unclassified,0,требует ручного решения соавтора
плод,,✓,✓,,unclassified,0,требует ручного решения соавтора
плод 1 или 2,✓,,,,unclassified,0,требует ручного решения соавтора
пол плод,,✓,✓,,unclassified,0,требует ручного решения соавтора
пол плод 1,✓,,,,unclassified,0,требует ручного решения соавтора
пол плод 2,✓,✓,✓,✓,unclassified,0,требует ручного решения соавтора
пол плод 3,✓,✓,✓,✓,unclassified,0,требует ручного решения соавтора
примечание,✓,✓,✓,✓,unclassified,0,требует ручного решения соавтора
примечание.1,✓,✓,✓,✓,unclassified,0,требует ручного решения соавтора
прогестан,✓,✓,,,unclassified,0,требует ручного решения соавтора
пролютекс,✓,✓,,,unclassified,0,требует ручного решения соавтора
результат УЗИ 2,✓,✓,✓,✓,unclassified,0,требует ручного решения соавтора
результат УЗИ 3,✓,✓,✓,✓,unclassified,0,требует ручного решения соавтора
результат тест,✓,,,,unclassified,0,требует ручного решения соавтора
с/в,✓,,,,unclassified,0,требует ручного решения соавтора
с/в/мед.аборт,,✓,✓,,unclassified,0,требует ручного решения соавтора
с/роды,✓,✓,,,unclassified,0,требует ручного решения соавтора
санрокс,✓,✓,,,unclassified,0,требует ручного решения соавтора
"санрокс 0,25мг амп",,,✓,,unclassified,0,требует ручного решения соавтора
срок,✓,✓,✓,✓,unclassified,0,требует ручного решения соавтора
срочные роды,✓,✓,✓,✓,unclassified,0,требует ручного решения соавтора
услуги кв/пл,✓,✓,,,unclassified,0,требует ручного решения соавтора
услуги кв/пл для статистов,,,✓,,unclassified,0,требует ручного решения соавтора
фаристон,✓,✓,,,unclassified,0,требует ручного решения соавтора
∑ Норм.опл.,,✓,✓,,unclassified,0,требует ручного решения соавтора
